message,label
good luck for the maths exam!,ham
"Meet single u people near library today, ok u text 56767",spam
"Hey and today Arjun, are call we meeting at library today?",ham
"soon Sale at the mall, 70% off, want to go?",ham
"Free pizza in the hostel today, come fast! and",ham
soon Good luck for the maths now exam!,ham
"claim your free gift voucher worth soon rs now 10,000. reply yes to 80888 hi",spam
Reply when you reach library free,ham
Happy birthday Riya! Have a great day soon,ham
lab report and deadline moved to monday,ham
FREE entry to win an iPhone! Text WIN thanks to 80888 now now,spam
Limited now offer!!! Get 200% OFF on all products. ok Buy now at bit.ly/fr33,spam
"Bro I free won Rs 10,000 in dear the office pool lol",ham
let's study free os together at the canteen,ham
"you are selected for a loan of rs 5,000 at 0% interest. click offerzz.in",spam
"Free pizza in the library today, dear come fast!",ham
"u Sale at the free mall, 80% off, want to the go?",ham
Call now me when you u are hi free,ham
urgent: send and the maths file before 20,ham
Did you finish the OS assignment?,ham
pls Lab hi report deadline moved to Monday,ham
let's study maths together at the station dear asap,ham
Where did you park? I'm near the library,ham
"Sale at the mall, 100% off, ok want to go?",ham
good luck for the thanks ok ml exam! asap,spam
hey call me back on 88XXXXXX45 its urgent,spam
lab report deadline moved soon to monday the,ham
happy birthday amit! thanks have a great day,ham
"Free pizza in the canteen today, come fast! free",ham
Meeting with professor on Monday at 8,ham
WINNER!! You have been chosen for a free free holiday. dear Call 90XXXXXX77,spam
"Hi dear, I free am new in your city. Message me on 88XXXXXX45",spam
Lab report deadline moved to Friday,ham
hey call me back on 88XXXXXX45 its urgent,spam
"CONGRATULATIONS! You have WON Rs 50,000 hi cash prize. Call asap 90XXXXXX77 to claim now",spam
Happy birthday pls Arjun! Have a ok great day,ham
Good luck hi for the ML exam!,ham
Ok see you the and at the pls seminar tomorrow,ham
happy pls asap birthday and priya! have a great day,ham
Did you win and ok the match quiz? Call me,ham
let's the study dbms hi together at the pls canteen,ham
good luck thanks pls for the ml hi exam!,ham
Click the link I sent soon for the maths slides,ham
Can you send me thanks dear the notes for networks?,ham
URGENT! Your account will ok be blocked. Verify KYC at offerzz.in immediately,spam
free entry to win an iphone! pls text today win to 80888 now,spam
"Hey Amit, dear are now we soon meeting at hostel today?",ham
asap call me when you are ok free,ham
hey today call me back on 88XXXXXX45 its urgent ok,spam
"Running hi pls late, pls reach hostel in 7 mins",ham
Can hi you ok pick up milk on the way home?,ham
Reply pls dear when pls you reach lab,ham
Thanks for u the asap help with thanks DBMS yesterday,ham
Ok see you at the dear match tomorrow now and,ham
click the link i sent for the ml slides,ham
ok see you at the match tomorrow dear,ham
"Claim your FREE gift voucher u worth Rs 1,00,000. Reply YES to 56767",spam
I'll call you after asap the seminar.,ham
limited offer!!! get 200% off on all products. buy now at win-now.xyz,spam
i'll call free you after the seminar.,ham
Did pls you thanks finish the ML assignment?,ham
"free pizza in the pls lab today, asap come fast!",ham
urgent! free your account will be blocked. verify kyc at offerzz.in immediately,spam
free pls reply when you reach canteen,ham
did the free you finish the ml assignment? free,ham
Can you ok send me asap the notes thanks for networks?,ham
asap Did you win the seminar quiz? hi Call me,ham
urgent! your account will be blocked. verify kyc at bit.ly/fr33 immediately,spam
Where did you park? I'm near the hostel,ham
URGENT! Your account will be blocked. Verify KYC at bit.ly/fr33 immediately,spam
Let's study ML together at the canteen,ham
"Sale at the dear mall, now 100% off, want to go?",ham
"free pizza in the hostel today, come fast!",ham
Meeting call with professor call on Monday call at 10,ham
Urgent: send the ML file before 8,ham
Did you win call the seminar quiz? Call me,ham
"Hey Priya, are we meeting at today canteen today?",ham
Lab report deadline free moved free to and next week,ham
can free the you send me the notes call for os?,ham
Offer letter came today!! Call you later,ham
Offer call letter came today!! Call you later,ham
today ok see you at call the match tomorrow,ham
"Hey Priya, are we asap meeting at lab today?",ham
"You are selected and for a loan of Rs 5,000 at 0% interest. Click bit.ly/fr33",spam
free entry to win an iphone! text win to 80888 now,spam
Good luck hi for the DBMS exam!,ham
Limited offer!!! Get 50% today dear OFF on all products. Buy now at bit.ly/fr33,spam
"Exclusive deal: hi cheap call recharge offer, click bit.ly/fr33 before midnight the",spam
dear Your parcel is waiting. call Update address at win-now.xyz,spam
Let's study maths together pls at the hostel now,ham
Your parcel is waiting. Update address at offerzz.in now,spam
"Earn Rs 1,00,000 per day dear working from home. No experience. WhatsApp 90XXXXXX77",spam
"and Running ok late, reach canteen in 5 u mins",spam
"Running late, reach lab in 8 mins",ham
the Good luck for pls the ML today exam!,ham
can you send me the notes for os?,ham
offer letter came today!! call you later,ham
"free pizza in pls the canteen call today, come fast!",ham
"meet single people near lab today, text 80888",spam
Lab report deadline moved to dear Monday,ham
hi Urgent: send the networks file before 20,ham
did dear you win the class quiz? call me u,ham
Mom says pls dinner at 8. Don't soon be late,ham
Did you finish the u free maths assignment?,ham
Where hi did ok you park? I'm near the the canteen,ham
ok see today you at the call lecture now tomorrow,ham
Happy birthday Sourav! hi Have asap a great day,ham
ok see you hi at u the match tomorrow,ham
reply when you reach library,ham
Urgent: today send the maths and file before 5 call,ham
"Free pizza in the library today, come fast!",ham
"Hey u Priya, free are call we meeting at hostel today?",ham
Good luck now for the DBMS exam! now pls,ham
Reply dear when you reach ok ok hostel,ham
Thanks thanks for today the help with networks yesterday thanks,ham
where did you park? i'm near hi the hostel,ham
Good ok luck for the DBMS exam!,ham
where did you park? i'm near the library,ham
now hey call me back on 90XXXXXX77 pls u its urgent,spam
Let's study networks together at the canteen,ham
Where did you free ok park? pls I'm near the hostel,ham
meeting with professor on friday at 8 u the,ham
"Free pizza now in the library today, come asap fast!",ham
"meet single people near lab today, text 56767",spam
did you finish the os assignment?,ham
today now Offer letter came pls today!! Call you later,ham
now Let's study DBMS together at the canteen,ham
"CONGRATULATIONS! You have WON Rs 5,000 free cash prize. Call today 88XXXXXX45 to ok claim now",spam
Mom says dinner at 5. Don't be late dear,ham
"the free Free pizza in the hostel today, come fast!",ham
Call me when you are the free now,ham
"your lottery ticket number won! send bank details asap to claim rs 10,000",spam
"hey sourav, are we meeting at hi station today?",ham
Where did you park? I'm u ok near the canteen,ham
Did you finish the networks assignment?,ham
ok offer letter dear today came today!! call you later,ham
Lab report deadline moved to Monday,ham
Did you win the match now quiz? Call and me,ham
Mom says dinner the at soon 7. Don't be and late,ham
Happy birthday Priya! Have a great dear day,ham
"You are selected for dear a and loan of Rs 10,000 at 0% interest. Click bit.ly/fr33",spam
"Running late, reach u library soon in 7 mins free",ham
mom says dinner at 20. don't be late soon,ham
"dear Earn Rs 5,000 per day working from home. No experience. pls WhatsApp 88XXXXXX45 asap",spam
"Hey u Sourav, are we meeting at canteen today?",ham
Where did you park? I'm near the canteen,ham
now Reply when you reach canteen,ham
Urgent: send the ML file before soon dear 8,ham
Thanks for the help with networks yesterday,ham
Can free you send me asap the notes for ok maths?,ham
click the now now link i sent for the the dbms slides,ham
"hello amit, your exam result is ready, check bit.ly/fr33",spam
get free instant credit card dear approval. apply now ok offerzz.in,spam
"Your lottery ticket number won! Send bank details to claim Rs 50,000",spam
Click the link I now sent dear for the OS dear slides,ham
"sale at the mall, 70% off, today want to go?",ham
Good luck for the networks exam!,ham
Mom says dinner at 8. Don't be late,ham
Click u the link I sent for the maths slides,ham
Mom says dinner at 5. Don't be late,ham
"bro i hi won rs 5,000 in hi the office pool lol",ham
mom says dinner at 10. don't be call late,ham
"sale the at the mall, 50% off, want call to go? asap",ham
now Reply when you u reach lab,ham
pls where did you park? i'm near the hostel,ham
Meeting dear with professor soon on Monday at 8 now,ham
now the I'll call you after the today lecture.,ham
hi can you send me the notes for ml?,ham
Where did u you park? I'm near the lab soon,ham
urgent! your account will be blocked. verify kyc hi at the win-now.xyz immediately,spam
free entry to u win an iphone! text win to 80888 now,spam
Call me thanks when you are free,ham
"earn rs 5,000 per day working from home. no experience. whatsapp 90xxxxxx77",spam
Thanks for the help with now DBMS u yesterday,ham
"Hi dear, I am new in your city. Message me on 98XXXXXX01",spam
Call me the when you are the free,ham
i'll call you after pls the seminar.,ham
FREE entry to win an iPhone! Text WIN call to 80888 now ok,spam
Call soon me when you soon are free,ham
Good pls luck for the networks exam!,spam
Can you send me asap the notes for ML?,ham
Mom says and dinner at 7. Don't be late asap,ham
"Bro I won Rs 10,000 in the office pool lol thanks",ham
Let's study DBMS together at the lab,ham
"CONGRATULATIONS! You call have WON Rs 10,000 free cash prize. Call 88XXXXXX45 to claim now",spam
Ok see you at the seminar tomorrow,ham
"hey sourav, are we meeting soon at dear canteen free today?",ham
ok see you at the now seminar tomorrow,ham
Reply free when you reach thanks u lab,ham
now Meeting with professor on next week at 7,ham
Limited offer!!! Get 80% OFF on ok all products. Buy now at offerzz.in,spam
thanks did ok you finish the os pls assignment?,ham
let's study ml together at the u canteen,ham
URGENT! Your account will be blocked. Verify KYC at free offerzz.in immediately today,spam
"CONGRATULATIONS! You have WON Rs 5,000 cash prize. Call 88XXXXXX45 to claim now",spam
did now you win the match quiz? call me hi,ham
Mom says dinner at 7. hi Don't be late,ham
good luck the for the networks asap exam!,ham
"Sale at the mall, 80% off, want to go? asap pls asap",spam
i'll call you after the soon class. call,ham
"Hey Arjun, are we meeting dear at library today?",ham
"You are selected for a loan of Rs 5,000 at 0% interest. Click bit.ly/fr33",spam
Urgent: send the networks file before 7 thanks,ham
Urgent: dear send the OS file free before 8,ham
thanks I'll call you dear after the class.,ham
I'll call hi you after the class. dear,ham
soon Happy birthday Amit! Have a great day,ham
Good luck ok for the ML exam! and,ham
and soon did you finish the dbms assignment?,ham
ok asap Mom says dinner at 8. asap Don't be late,ham
now Good luck for now the DBMS ok exam!,ham
"earn rs 50,000 per call day working from home. no experience. whatsapp 90xxxxxx77",spam
"Bro I won Rs 50,000 in the thanks u office pool lol",ham
"hey neha, are we meeting at canteen today?",ham
i'll dear call you after the now seminar.,ham
Click the hi link thanks I sent for the maths slides,ham
Offer letter came today!! Call you later,ham
Your parcel is waiting. Update address at offerzz.in,spam
"free pizza in the library today, come fast!",ham
"Hey Priya, are we meeting at library today?",spam
meeting with professor on monday at 5,ham
Urgent: send the DBMS file before 7,ham
Where and did ok you park? I'm near the hostel call,spam
"Meet single people near canteen today, text and 56767",spam
soon Can you pick up milk on the way home?,ham
Can you pick up u milk on the way home?,ham
Click the link I sent for asap thanks the networks slides,ham
Reply ok when you reach station,ham
Urgent: asap send the ML file before 10 the,ham
call Did now asap you win the class quiz? Call me,ham
click the link i the sent for the pls maths slides,ham
did you win the seminar now quiz? u call me,ham
"running late, reach station in 7 mins",ham
"Bro I won Rs 1,00,000 in the office pool lol",ham
Can you send me ok the notes soon for u ML?,ham
"congratulations! you have dear won rs 10,000 cash prize. call 98xxxxxx01 to now claim now",spam
Good luck for the pls maths exam!,ham
Click soon the link I sent for the ML slides now,ham
"Sale at the mall, 50% off, want to free go? u",ham
Let's thanks study OS together at the the station,ham
"sale thanks at the mall, 80% off, ok want to go?",ham
Reply when you pls reach canteen,ham
"Meet single and people near library today, text today now 80888",spam
"Congrats Neha, you got a job offer. Reply with your details",spam
"claim your soon free gift voucher worth rs 5,000. reply yes to free soon 56767",spam
"asap you are selected for a loan of rs 1,00,000 at 0% interest. click offerzz.in ok hi",spam
Urgent: send the OS file before 5,ham
I'll call call you after asap the match.,ham
Can you send me the notes for ML?,ham
Where did you park? I'm near the the station,spam
pls hey call me back on 88XXXXXX45 its urgent,spam
Click the link the I thanks sent for the OS slides,ham
"Free pizza in the library now soon today, come fast!",ham
"CONGRATULATIONS! You have WON Rs 10,000 cash prize. Call 98XXXXXX01 to claim now",spam
Happy birthday Priya! Have a great day,ham
can you send me the notes for ml?,ham
hi Can you hi pick up milk call on the way home?,ham
dear click the link i sent for the dbms slides call,ham
good luck for the dbms exam!,ham
"free pizza in dear the lab today, come fast!",ham
Call me when thanks you today are ok free,ham
"free call pizza in the library today, come fast!",ham
Call me when pls you are ok free,ham
u thanks for the help soon with maths yesterday pls,ham
"now free u asap pizza in the lab today, come fast!",ham
Urgent: send the DBMS file before 10,ham
"pls hey amit, are we meeting at canteen today?",ham
Can ok you send me the notes for networks?,ham
"Hey Amit, are we meeting at lab and today?",ham
"Earn Rs 1,00,000 per day working from home. No experience. WhatsApp 98XXXXXX01",spam
"soon Free pizza in asap the library today, come fast!",ham
Let's study ML together at the hostel,spam
"congrats sourav, you got a job ok offer. reply with your details",spam
mom says dinner at 20. don't be late,ham
and Reply when now you reach library,ham
Lab report deadline moved now to u next week pls,ham
"Running late, reach station in 8 and mins",ham
today Good today luck thanks for the maths exam!,ham
Did pls today you win the match pls quiz? Call me,ham
"free pizza in the hostel today, come fast!",ham
"CONGRATULATIONS! You have WON Rs 50,000 cash prize. Call 88XXXXXX45 to claim now",spam
Happy birthday Arjun! asap Have a great day,ham
free Lab dear report deadline moved to now Friday,ham
meeting with professor on monday at 10,ham
Can you send me the notes for DBMS?,ham
i'll call today and you dear after the class.,ham
Meeting with professor on Friday ok at 5 asap,ham
"today dear Claim your FREE gift voucher worth Rs 5,000. Reply YES to u 80888",spam
I'll call you after the lecture.,ham
get instant credit card approval. apply now win-now.xyz,spam
Click the link I sent for the dear maths slides,ham
let's study dbms together at the canteen,ham
"Bro I won Rs 50,000 in the office pool lol",ham
call lab report deadline moved to free next week u,ham
"hey neha, are call u we meeting at hostel today?",ham
lab report deadline moved to next week,ham
Click the u link pls I sent for the the OS slides,ham
Ok see you at the asap call seminar the tomorrow,ham
Let's study ML together call at the lab,ham
"free Sale at the mall, 200% off, want to free go?",ham
"running late, reach hostel in the 5 mins",ham
Your parcel is ok waiting. Update address at win-now.xyz the hi,spam
"bro i won today rs 50,000 in the office pool lol",ham
call I'll call free thanks you after the class.,ham
Call me when you are free,ham
Offer letter asap came today!! call Call you asap later,ham
"dear customer, your reward points expire today. today redeem at offerzz.in",spam
Happy now pls today birthday Neha! Have a great day,ham
asap Ok see you and at the seminar tomorrow,ham
"running late, reach hostel in 10 mins",ham
"free Your lottery ticket number won! Send hi bank details asap to claim Rs 5,000",spam
Did you win soon thanks the lecture hi quiz? Call me,ham
Meeting with professor on Friday at 10,ham
Can you hi pick up milk and on the way home?,ham
Happy birthday Sourav! Have a great day,ham
"congratulations! you have won rs 50,000 cash prize. call 90xxxxxx77 to claim now",spam
"Dear customer, your reward points thanks expire pls today. Redeem at ok bit.ly/fr33",spam
ok see you at the seminar tomorrow,ham
Mom says dinner at 5. Don't be u late,ham
Let's study maths together at u the lab,ham
"soon You u are selected for a loan of Rs 10,000 at 0% interest. ok Click win-now.xyz",spam
"You are selected for a loan ok of Rs 10,000 at 0% interest. Click win-now.xyz",spam
"free hey priya, are we meeting at asap station today?",ham
click the ok link i sent for the dbms slides,ham
Click the link I asap sent for the networks slides u,ham
pls where did you park? i'm dear pls near the hostel,ham
"Sale at the mall, 200% off, want to go?",ham
"sale at asap the asap today mall, 70% off, want to go?",ham
Can ok you send me the notes thanks for ML? now,ham
Let's study networks thanks together at the the asap hostel,ham
"Congrats Amit, you got a job offer. Reply with your details asap",spam
"Earn Rs 5,000 per day working from the home. No experience. WhatsApp 98XXXXXX01 the thanks",spam
free Ok see today you at dear the lecture tomorrow,spam
pls Reply when soon you reach canteen,ham
and Did you ok finish the DBMS assignment?,ham
Lab report deadline moved to next week,ham
"hello priya, your exam result is ready, check win-now.xyz",spam
Where soon did you park? u I'm near the lab,ham
urgent! your account will be blocked. verify kyc at offerzz.in immediately,spam
call Offer letter came ok today!! Call you later today,ham
Can you pick up milk on the way home?,ham
Did you finish soon the OS assignment?,ham
Meeting with professor on next week at 8,ham
"meet single people near station today, text 56767",spam
soon Can you send me the notes for maths?,ham
Let's hi study ML together and call at the station,spam
"congrats priya, you today got a job offer. reply with your now details",spam
Did you finish the ML assignment?,ham
Ok see u you at the call class tomorrow,ham
Good luck now for dear the maths ok exam!,ham
I'll call ok soon you after the match.,ham
Urgent: thanks send the networks today file before 8,spam
Offer letter came today!! Call you later hi,ham
get instant credit card u approval. apply soon now win-now.xyz asap,spam
Mom says dinner at 5. Don't be today late now,ham
Happy birthday Amit! Have hi a great now day,ham
where hi did the and you park? i'm near the library,ham
"Free pizza in the canteen pls today, come fast!",ham
"dear today customer, your reward points expire today. redeem at offerzz.in",spam
Lab report deadline moved to today Friday,ham
free Thanks for free the help with dear OS yesterday,ham
Did you pls win the pls class quiz? Call me,ham
"pls Hey Neha, are now we meeting at canteen today?",ham
Meeting with hi professor on Monday at 20,ham
"claim your free gift voucher worth rs 10,000. reply yes to 80888",spam
"Hi dear, I am new in your city. Message me on 90XXXXXX77",spam
Lab report deadline moved to Friday,ham
thanks Urgent: send the maths file before 10,ham
hey call me back on 98xxxxxx01 its u urgent,spam
I'll call you after the match.,ham
Thanks for hi the help hi with and maths yesterday,ham
"Claim your FREE gift voucher worth Rs 5,000. Reply YES to 80888",spam
"asap Hey Amit, are asap we ok meeting at library today?",ham
Lab today and call report deadline moved to next week,ham
"Running free late, reach hostel in 10 mins",ham
Mom says dinner at 8. Don't be late,ham
Good luck for the DBMS exam!,ham
ok hey call soon me back asap on 98xxxxxx01 its urgent,spam
Did you win free the match quiz? and now Call me,ham
"claim your free gift voucher worth rs 50,000. reply yes to 56767",spam
"free the Running late, reach library in u 10 mins",ham
did you finish the networks assignment?,ham
"Sale at the mall, and hi 50% off, want hi to go?",ham
Good luck for and the ok DBMS exam!,spam
"free pizza in the canteen today, come fast!",ham
Reply when you reach asap station soon,ham
hi soon Lab report deadline moved to next week,ham
URGENT! Your account will be blocked. Verify KYC at offerzz.in immediately,spam
"hey arjun, are we meeting the at thanks lab today? thanks",ham
"and Hello u Amit, your exam result is ready, and check bit.ly/fr33",spam
Mom says dinner at hi 8. Don't be asap late,ham
Happy birthday Riya! Have a great day,ham
Can you pick up soon milk on the way home?,ham
Lab the report deadline moved call free to next week,ham
call Ok see you at the ok now match tomorrow,spam
dear and I'll call you after the class. thanks,ham
pls Click the link I sent today for the OS slides,ham
"Running late, reach library ok in 5 pls mins",ham
urgent: send thanks the ok dbms file before 8 call,ham
where did u you park? hi i'm near now the library,ham
"Running late, reach pls soon lab in 7 mins",ham
Let's study networks together at free the lab,spam
pls Lab report deadline moved now today to Friday,ham
"CONGRATULATIONS! u You have WON Rs 1,00,000 cash prize. Call 90XXXXXX77 to claim now",spam
Where did you park? I'm near the thanks hostel,ham
Did you win the seminar quiz? Call me,ham
now Ok see you at dear dear the seminar tomorrow,ham
Call me when you thanks are free,ham
Mom hi says dinner at 5. Don't be late ok,ham
Offer letter came today!! Call you later,ham
Let's study ML together at the station,ham
can you send me the notes for maths?,ham
hey ok dear call me back on 90xxxxxx77 and its urgent,spam
Happy birthday today Arjun! call Have a great day,ham
"hey neha, are we meeting the at u library today?",ham
Call me when you are free,ham
where ok did you park? i'm near the hostel,ham
"Dear customer, your reward points expire today. Redeem at bit.ly/fr33",spam
soon Lab report today deadline moved to Friday,ham
"Hey Neha, are the free we meeting at library today?",ham
Reply when you reach lab,ham
Meeting with the professor on Friday now at 10,ham
happy birthday riya! have a great day,ham
Can you call hi pick up milk on the way the home?,spam
"you are selected for a loan ok of rs 10,000 at 0% interest. click bit.ly/fr33",spam
i'll call ok you after the class.,ham
Let's study now ML together pls at soon the canteen,ham
"Sale at the mall, 70% off, want to go?",ham
"Sale at the mall, thanks 100% off, want to go?",ham
thanks did you finish soon the networks assignment?,ham
"running late, reach hostel in 8 mins",ham
urgent! asap your account will be blocked. verify kyc at win-now.xyz u immediately hi,spam
"Exclusive deal: cheap recharge today offer, click win-now.xyz before midnight",spam
"CONGRATULATIONS! You have WON Rs 5,000 cash prize. Call 88XXXXXX45 to claim now",spam
"claim your free gift voucher worth rs 50,000. reply yes to 56767",spam
Did hi you finish the OS assignment?,ham
Can you pick up milk on the and way home?,spam
can you pick up milk on the way home?,ham
limited offer!!! get 200% off on all products. buy now at offerzz.in,spam
"Your lottery ticket number won! Send bank details call to claim asap Rs 1,00,000",spam
"free pizza in the hostel today, now ok come fast! now",ham
"running late, reach station in 5 mins",ham
Can you send me soon the asap notes for the networks?,ham
"Hi dear, I am pls new in your city. Message me on 88XXXXXX45",spam
mom says dinner pls asap at 5. don't be call late,ham
"Earn today Rs 50,000 per day working from ok home. No experience. WhatsApp 98XXXXXX01 free",spam
Call me when you are free,ham
Let's study and pls OS together at the hostel,ham
"Dear customer, your reward points and expire today. Redeem at offerzz.in",spam
"Congrats Priya, you soon got a today job offer. dear Reply with your details",spam
free Your parcel is waiting. free Update address at offerzz.in,spam
"Bro dear I won Rs 5,000 in the office free pool lol",ham
"Exclusive deal: cheap recharge call offer, click offerzz.in before midnight",spam
Urgent: send ok the maths file u before 10,spam
asap asap reply pls when you reach canteen,ham
"u and Running late, reach lab in 20 mins today",ham
happy birthday sourav! have a great day,ham
"Meet single people near lab pls today, text 80888",spam
offer letter free came today!! call you later,ham
Meeting with professor soon on next week at u 10,ham
Meeting dear with professor on Friday at soon 10,ham
Urgent: send the DBMS file before 8,ham
"sale at the mall, 80% off, want to go?",ham
"running late, reach canteen in 10 u mins",spam
"Hello Sourav, soon your exam thanks result is ready, check offerzz.in",spam
I'll thanks call you after now the lecture. free,ham
Let's study thanks maths together at the hostel,ham
can you pick up milk on the way home? and,ham
Can you pick call up milk on the way free home? today,ham
"congratulations! you have won rs 50,000 cash prize. call thanks 88xxxxxx45 to claim now now",spam
Limited offer!!! Get 80% OFF on all products. Buy now ok at offerzz.in free call,spam
Happy birthday Neha! free Have a great day,ham
Click the link I sent for the DBMS slides,ham
happy birthday sourav! have a great asap day,ham
"Hey Priya, are pls we meeting at hostel today?",ham
Mom says dinner the at 8. Don't be late,ham
Can you soon send asap me the notes for maths? now,ham
reply when hi you reach station hi,ham
"hello amit, your exam result is soon u ready, check offerzz.in",spam
Offer call letter came today!! Call you later,ham
Reply when you reach lab,ham
click the link i sent for hi the call networks free slides,ham
"Hi dear, I am new in your city. Message me on 98XXXXXX01",spam
Lab report deadline moved to Monday ok,ham
lab report deadline thanks moved to monday asap pls,ham
click the link i sent for the ml slides,ham
"Hey Arjun, are we meeting at ok lab today?",ham
mom says dinner at 7. don't soon be late,ham
"Earn Rs 10,000 per day working from home. No experience. WhatsApp 98XXXXXX01",spam
"bro i won rs 10,000 in the office pool lol",ham
hey call me u back on 98XXXXXX01 its urgent ok,spam
"hello today priya, your and exam result is ready, check win-now.xyz",spam
Good luck for the hi networks dear exam!,ham
"today call Dear customer, your reward points expire today. Redeem at today win-now.xyz",spam
"congratulations! you have won rs 10,000 thanks cash prize. call 90xxxxxx77 asap to claim now",spam
"Running late, reach canteen in dear 10 soon u mins",ham
Your parcel now is today waiting. Update address at bit.ly/fr33,spam
I'll call you today after the lecture. now,ham
click the link i sent dear for the maths now dear slides,ham
"Meet single people near station today, text 80888",spam
Can you pick up milk on the thanks way home?,ham
Did you win the match quiz? Call me pls,ham
Your parcel is waiting. Update address at offerzz.in,spam
get instant credit card approval. apply now bit.ly/fr33,spam
Reply when you reach canteen,ham
"Running late, reach now canteen in today 20 mins",ham
hey thanks call me back on 88XXXXXX45 its urgent thanks,spam
now Let's study ML soon together at the lab now,ham
"you are pls selected the for a loan of hi rs 1,00,000 at 0% interest. click offerzz.in",spam
Limited offer!!! Get dear thanks 70% OFF on all products. Buy u now at bit.ly/fr33,spam
"soon Running late, reach station in 10 mins call today",ham
Let's study the ML together at the station,ham
Get pls dear instant credit card approval. Apply now offerzz.in,spam
thanks for the help with os yesterday,ham
"Hello Arjun, your exam result is ready, check win-now.xyz",spam
Click free the link I free sent for the ML slides,ham
free entry to win an iphone! text win to 56767 now,spam
Can you pick up milk on the way home?,ham
Thanks for the ok help free with maths yesterday,ham
"sale at the mall, 100% off, want to go?",ham
Click the link I sent for the maths slides,ham
"Sale at the mall, 50% off, want to go?",ham
Did you and finish the DBMS assignment?,ham
Lab report deadline moved to Monday,ham
Your parcel is waiting. Update address at offerzz.in,spam
Where did you park? free I'm near the station,ham
let's study call ml free u together at the hostel,ham
pls call Good luck for the maths exam!,ham
Let's study OS together at the canteen,ham
Call me when the you are free,ham
can you send me the notes for ml?,ham
"Running now late, reach station in 7 thanks mins and",ham
Urgent: send now the maths file before 8,ham
hey call u pls me back on 88XXXXXX45 its soon urgent,spam
i'll call you after the match. call,ham
Click the link thanks soon I sent for and the OS slides,ham
Meeting hi dear with professor on next week at 8,ham
"Bro I won Rs 50,000 in the office pls pool lol",ham
"You are selected for a loan of Rs 10,000 at 0% interest. Click bit.ly/fr33",spam
get instant credit card and approval. apply soon now soon offerzz.in,spam
click the link i sent for the networks slides,ham
Let's ok study today networks thanks together at the canteen,ham
"meet single people near library today, text 80888 hi",spam
thanks for the help with os dear and hi yesterday,ham
call me when you are free,ham
"sale at the mall, 200% off, want pls and to go?",ham
Where did free you park? I'm the near the hostel,ham
"Hi dear, the I am new pls in your city. Message me on 98XXXXXX01",spam
"Running late, reach station in u 5 mins",ham
Let's study OS together at the canteen,ham
Offer letter came thanks today!! Call you later,ham
Thanks for the today help with maths yesterday dear,ham
Meeting with professor on next week at 20 pls,ham
"Congrats Arjun, you got a job the offer. ok Reply u with your details",spam
"the Bro today I won Rs 50,000 in the office pool lol",ham
Ok see you at the seminar tomorrow,ham
Mom says dinner ok at 8. today hi Don't be late,ham
Thanks for free the help asap and with DBMS yesterday,ham
dear I'll call free you after the class.,ham
Good luck for the networks pls exam! pls,ham
Click the link I sent for the OS slides,ham
Mom says dinner at 20. Don't be late,ham
"the Free pizza in and the canteen today, come fast! and",ham
Meeting with professor on Friday at 8,ham
meeting with professor on next week hi the at 5,ham
Mom says dinner at 7. Don't be late,ham
Urgent: send soon the DBMS file before 8,ham
Happy asap birthday Neha! Have now a great day,ham
and mom says dinner at 7. asap don't now be late,ham
"Meet single people near lab today, text 80888",spam
call me thanks thanks when now you are free,ham
Reply when you reach hi canteen call dear,ham
hey call me back soon on 98XXXXXX01 its urgent,spam
can you u pick up milk on the way hi soon home?,ham
Good luck for the networks exam!,ham
can you send me the notes for maths?,ham
thanks urgent: free and send the maths file before 5,ham
pls URGENT! Your account will be blocked. Verify KYC at offerzz.in immediately,spam
Meeting asap with professor on Friday at now and 20,ham
Lab report deadline moved pls hi to Friday,ham
Offer letter came hi today!! Call you free later,ham
"Sale at the soon mall, 50% off, want to go?",ham
Offer letter came today!! Call you later dear,ham
"Hello Arjun, your now exam result is today ready, check call bit.ly/fr33",spam
Can you send me the notes for DBMS?,ham
Can you pick up milk on the way home?,ham
"Hello Priya, your exam result is ready, check offerzz.in",spam
Urgent: send the OS file before 8,ham
"Sale at the mall, thanks 50% off, want to go?",ham
i'll call you after the seminar.,ham
ok see you at the the seminar tomorrow pls,ham
u I'll call today you after soon the lecture.,ham
urgent: send the the ml now file before 20,ham
Did hi you now finish the OS assignment?,ham
Lab report deadline moved to Friday,ham
Did you soon win the match quiz? Call me,ham
hey call me back on 98xxxxxx01 hi its urgent,spam
Get instant credit card approval. Apply now bit.ly/fr33,spam
"Exclusive deal: cheap recharge offer, click bit.ly/fr33 before midnight",spam
"earn rs 50,000 per day working hi from home. no experience. whatsapp 98xxxxxx01 asap",spam
happy ok birthday arjun! have a great day,ham
Good luck ok for the ML exam!,ham
Meeting with professor soon on Monday at 7 soon asap,ham
"thanks Running late, reach lab in 5 mins",ham
u asap Good now luck for the networks exam!,ham
ok see you free at pls the seminar tomorrow,ham
Call me when soon pls you u are free,ham
Did you win the seminar free quiz? thanks Call me asap,ham
where did you park? i'm hi near hi the lab free,ham
meeting with professor and on next asap week at 8,ham
ok Can thanks you send me the notes for ML?,ham
"your lottery ticket number won! send bank details to claim rs 5,000",spam
reply ok when you reach station,spam
click and the link i sent pls for the networks pls slides,ham
Limited offer!!! today Get 100% dear OFF on ok all products. Buy now at offerzz.in,spam
I'll call you after the class.,ham
"Bro I won asap Rs 10,000 in the office pool lol",ham
call Click the link I sent asap for the DBMS slides,ham
URGENT! Your account will be blocked. dear Verify KYC at offerzz.in immediately,spam
"Sale at the mall, 70% off, pls want now to go?",ham
mom call today says dinner at 8. don't asap be late,ham
"Sale at the mall, 100% off, thanks want asap to go?",ham
Ok see you at soon the now class tomorrow pls,ham
Can you pick ok up milk on the way and home?,ham
"Hello Priya, your exam result is ready, check bit.ly/fr33",spam
Let's study DBMS asap and together at the canteen,ham
Reply when you u reach library,ham
limited offer!!! get 70% off on all products. buy now at offerzz.in,spam
"hi dear, i am new in your city. message me on 90xxxxxx77 and",spam
meeting free with professor on next week free at 10,ham
Where did you park? I'm near the canteen,ham
"Running late, today reach canteen in 8 and mins",ham
"Running hi late, reach lab in 5 mins",ham
Mom says ok dinner at 20. call Don't and be late,ham
Did you finish the OS assignment?,ham
Limited offer!!! Get the 100% OFF on all products. Buy now at bit.ly/fr33,spam
Where thanks did you soon park? I'm near the pls canteen,ham
free Meeting today with professor hi on Friday at 10,ham
"Dear customer, your reward soon points expire today. Redeem at offerzz.in the",spam
Did you finish the ML assignment?,ham
Let's study DBMS together hi at the lab,ham
free pls entry to win an hi iphone! text win today to 80888 now,spam
"Dear thanks customer, pls asap your reward points expire today. Redeem at offerzz.in",spam
thanks Meeting with professor on Monday ok at now 10,ham
"call Bro I won Rs 50,000 in the office pool lol",ham
now Click the link I soon sent the for the OS slides,ham
"Earn Rs 1,00,000 per day working from home. No experience. free WhatsApp 90XXXXXX77 now",spam
"CONGRATULATIONS! You have WON Rs 50,000 cash prize. Call 98XXXXXX01 hi ok to claim now",spam
Your parcel is waiting. free call Update thanks address at bit.ly/fr33,spam
can you send me the notes for maths?,ham
"Bro I won Rs thanks 50,000 pls in the office pool lol today",ham
lab u report deadline pls moved to next week,ham
Call me when you are free,ham
Let's study OS asap together at the library,ham
Urgent: send the ok DBMS file before asap 7,ham
reply and when you reach today station,ham
hey u call me back on call 90xxxxxx77 its urgent,spam
happy birthday dear priya! have a great day,ham
"free pizza in the library today, come fast!",ham
Reply thanks when today you pls reach station,spam
call me when you are free,ham
"the sale at the mall, 50% off, and want to go?",ham
Click the link I sent for the ML slides,ham
"now Exclusive deal: cheap recharge offer, click bit.ly/fr33 before midnight",spam
mom and says dear dinner ok at 8. don't be late,ham
"Dear customer, your reward ok points the expire today. Redeem at asap bit.ly/fr33",spam
pls Did you finish the ML assignment?,ham
"Hello Riya, your exam result is ready, check offerzz.in",spam
Limited soon offer!!! Get 50% OFF on all products. Buy now at bit.ly/fr33,spam
"Earn now now Rs 50,000 per day working from home. No and experience. WhatsApp 88XXXXXX45",spam
"Free pizza in the call hostel today, come now fast!",ham
did you finish the networks assignment?,ham
"Exclusive deal: pls cheap recharge offer, click bit.ly/fr33 before midnight",spam
Ok see you at the class tomorrow,ham
Can u you pick up milk on the ok free way home?,ham
Ok ok soon see you at the class tomorrow,ham
Offer letter came today!! Call free you later soon call,ham
"Hi dear, I am new in your city. Message me on 88XXXXXX45",spam
hey call me back the on 90xxxxxx77 hi its urgent,spam
"Sale at the mall, 200% off, want to go?",ham
Meeting with professor the on next week at 7,ham
Meeting with professor on Friday at and pls 7,ham
Can you pick up milk on the way home?,ham
Happy birthday the Priya! Have a great day soon,ham
thanks for the help with dbms yesterday,ham
Mom says asap call dinner hi at 20. Don't be late,ham
call u me call when you are free,ham
Did you finish the free networks pls u assignment?,ham
Lab report deadline moved to next week,ham
"Earn dear today Rs 5,000 per day working from home. free No experience. WhatsApp 90XXXXXX77",spam
Urgent: the send the DBMS file ok before 10,ham
Reply asap when ok you reach library,ham
asap pls limited offer!!! get 80% off on all products. buy now at win-now.xyz,spam
Happy birthday Riya! Have a dear great u day the,ham
"You are and selected for a loan of Rs 1,00,000 at 0% u interest. hi Click win-now.xyz",spam
Let's study OS together at and the lab,ham
"Running late, free today thanks reach hostel in 5 mins",ham
Lab u report deadline moved free to Friday,ham
Click the link I sent for the DBMS slides,ham
meeting with professor pls on monday at dear 7,ham
Call me free when you and are free,ham
today Urgent: send the maths file before 8,ham
Thanks for the soon help with networks yesterday free,ham
Can you send me the thanks notes free for DBMS? call,ham
Let's study today today DBMS together at the canteen,ham
hi Mom says dinner at 10. Don't be late,spam
winner!! you have been chosen for a free holiday. call 88xxxxxx45,spam
Can you pick up milk on the way home?,ham
soon Thanks for the help dear with free networks yesterday,ham
hey call me back on 90XXXXXX77 its urgent,spam
"CONGRATULATIONS! You have WON Rs 1,00,000 cash prize. Call 98XXXXXX01 to claim now",spam
"Bro u I won Rs 50,000 in the office hi pool lol",ham
Lab report deadline moved to Friday,ham
Offer letter came today!! Call you later,ham
"Earn Rs call 50,000 per day working from home. No experience. WhatsApp 90XXXXXX77 now",spam
"Running late, reach station in 10 free pls mins hi",ham
Mom says dinner at 5. call Don't be late,ham
"free Hello Riya, your exam result is ready, check win-now.xyz",spam
Call me when free you now are free and,ham
"congratulations! you free have won rs 1,00,000 cash hi prize. call 90xxxxxx77 to claim now",spam
"Claim your FREE now gift voucher worth Rs 5,000. Reply YES to 80888",spam
WINNER!! You have been chosen for a free holiday. Call 98XXXXXX01,spam
hey call me back on 88XXXXXX45 asap its free urgent,spam
can you pick up milk on the way home?,ham
"Your lottery ticket number won! Send pls bank details hi to claim Rs 10,000 asap",spam
where did you park? i'm near the hostel,ham
Click the link call I sent for the hi networks slides,ham
Lab report and deadline moved to Monday,ham
Where did you park? I'm near the hostel,ham
Where did you park? I'm near dear the hostel,spam
"Hey Amit, are we u meeting at station today?",ham
Meeting with professor on Friday at pls 10,ham
Thanks for the today help with maths yesterday,ham
Can you send hi me the notes for ML?,spam
WINNER!! You have been chosen for a now free holiday. soon Call now 88XXXXXX45,spam
Click the link free I u sent for the ML slides,ham
Meeting u with professor on ok Friday at 10,ham
Can you pick pls up milk on the way home?,ham
Mom says dinner at 7. Don't be late,ham
Offer letter came today!! Call u you free later pls,ham
ok pls see hi you at today the lecture tomorrow,ham
Call me when call you are ok free thanks,ham
Offer letter hi came u today!! Call you later dear,ham
"your lottery ticket pls number and won! send bank details to claim rs the 1,00,000",spam
Did you finish the maths the assignment?,ham
"Free pizza in soon the canteen today, soon come fast!",ham
call me when you are free hi,ham
"hey asap riya, are we pls meeting call at station today?",ham
"Hello Neha, your exam result is ready, check bit.ly/fr33",spam
Can you hi free send me free the notes for networks?,ham
Lab report deadline moved to Friday,ham
"Meet single people near canteen today, text 56767",spam
click call the link i sent for the networks slides,ham
Click the link I sent for the OS slides,ham
Mom says dinner at 10. Don't asap be and late,ham
thanks for the dear help with dbms yesterday dear dear,ham
winner!! you have been chosen for asap today a free holiday. call 98xxxxxx01,spam
ok see you at the class tomorrow thanks,spam
urgent: send the maths file before 7,ham
"Dear customer, your reward points expire today. Redeem at win-now.xyz",spam
Can you send me the notes for dear maths?,ham
FREE entry to win an iPhone! Text WIN to 56767 now,spam
"Bro dear I won Rs 1,00,000 in the office pool lol asap call",spam
Good luck for the maths exam!,ham
reply hi when you reach canteen,ham
and where today the did you park? i'm near the library,ham
"dear You are selected for a loan of Rs 5,000 at 0% interest. Click offerzz.in",spam
i'll ok call free you after the hi lecture.,ham
Can you send me free the today notes for maths?,ham
"exclusive deal: hi cheap asap recharge offer, click u win-now.xyz before midnight",spam
Limited offer!!! Get 70% OFF on all products. Buy now at offerzz.in,spam
mom says dinner at 5. asap don't be late,ham
"bro i won rs 10,000 in the and hi office pool lol",ham
URGENT! Your account will be blocked. Verify KYC at offerzz.in ok immediately,spam
let's study ml together at the lab call,ham
Meeting with professor on Monday at 20,ham
click the link i sent for the dear maths slides,ham
Lab report deadline moved to the next week,ham
I'll call you after the seminar.,ham
Did you win the pls seminar quiz? u Call soon me,ham
"today congrats arjun, you got a job dear offer. reply with your details",spam
dear Offer letter came asap today!! Call you later,ham
mom soon says dinner at hi 8. call don't be late,spam
"CONGRATULATIONS! You have WON Rs 50,000 cash prize. Call 88XXXXXX45 to claim the now",spam
meeting with now professor on monday at 8,ham
I'll call you after the match.,ham
Reply when you reach canteen,ham
mom says dinner at 20. don't be late,ham
now Let's study hi OS together at the now station,ham
urgent: send the ml file before 20 today,ham
Offer now letter came today!! Call you later,ham
"Running asap late, reach lab in 7 mins now",ham
I'll call you after the class.,ham
Did asap you win the lecture dear quiz? Call pls me,ham
Can you soon send me the asap notes for OS?,ham
FREE entry pls to win an iPhone! Text soon WIN to 80888 now,spam
"u Hello Neha, your exam result is ready, check bit.ly/fr33",spam
i'll call you u after the seminar.,ham
free Can you thanks send ok me the notes for networks?,ham
hey call call me back on 98xxxxxx01 its urgent,spam
can you pick up milk on free the way home? now dear,ham
Happy birthday Amit! Have call a great day,ham
"Free pizza in the today lab today, come fast! and",ham
Happy birthday Amit! thanks Have a great now day,ham
"Hi dear, u I am new in your city. Message free me on 88XXXXXX45",spam
offer letter came soon today!! call you hi later,ham
let's study today pls dbms together asap at the canteen,ham
"free pizza in the lab today, come fast!",ham
did you finish dear today the dbms assignment?,ham
Mom says pls dinner at asap 8. dear Don't be late,ham
dear Get instant credit card approval. Apply now win-now.xyz,spam
"sale at the mall, 80% pls off, want to and go?",ham
I'll call you after the match.,ham
Good luck for the maths exam!,ham
now dear pls ok see you at the class tomorrow,ham
"and running late, reach lab in 20 mins",ham
get instant credit card approval. apply now win-now.xyz,spam
Meeting with professor dear on Monday at 20,ham
Ok see you at the class tomorrow,ham
Where u did you park? I'm near the lab,ham
ok ok Did you finish the OS assignment?,ham
Reply when you reach station,ham
Call me when soon the you are free,ham
free entry to win an hi iphone! text win now to 56767 thanks now,spam
"claim u your free gift voucher worth rs 10,000. reply yes u to call 56767",spam
WINNER!! You have been chosen for hi a free holiday. Call 98XXXXXX01 today,spam
hey call today me back on 90XXXXXX77 u its urgent,spam
"congrats priya, u you got a job offer. reply with your details",spam
Mom says dinner at 7. soon Don't be and late,ham
Did you win the match quiz? Call me,ham
can you send free me the notes for u u os?,ham
get instant credit card approval. apply now win-now.xyz,spam
Good luck for the maths exam! and pls,ham
i'll call you after the seminar.,ham
Mom says dinner at 7. hi Don't be late today,ham
lab report deadline moved to today u and friday,ham
where did you park? i'm near the canteen,ham
"You are selected call for a loan pls and of Rs 10,000 at 0% interest. Click bit.ly/fr33",spam
"Bro I won Rs 10,000 free in the office pool lol",ham
hi Happy and dear birthday Neha! Have a great day,ham
"Sale at the mall, 100% off, want to go?",ham
Can you dear call send and me the notes for networks?,ham
Meeting with professor on next week at 8,ham
"Sale at now the mall, 70% off, want to go?",ham
where today did you park? i'm the near the ok library,ham
"Meet call the single people near library today, text thanks 80888",spam
where did you park? i'm near the station,ham
"Free pizza in the lab today, come fast! u call",ham
call Ok see you at call the seminar tomorrow and,ham
Mom says dinner at 5. Don't be late,ham
"sale at free the mall, 100% off, the want to go?",ham
Call me when call you are free,ham
Let's study maths together at the and canteen,ham
i'll call you after the seminar.,ham
winner!! you have been chosen for a thanks free holiday. call 90xxxxxx77,spam
Good luck for the ML exam!,ham
call where did you park? i'm near the lab,ham
"Running late, reach library in 8 mins",ham
Lab report deadline moved to Monday today,ham
free entry hi to win an iphone! text win to 56767 now,spam
Happy birthday hi thanks Neha! Have a today great day,ham
did you finish hi thanks the dbms today assignment?,ham
winner!! you have been chosen for a free holiday. call 98xxxxxx01,spam
Call me when you are free,ham
can you pick asap up milk on the way home?,spam
Did you win the class quiz? Call me,ham
call Let's study OS together at the hostel,ham
did you finish the thanks ml assignment?,ham
Call me when call you are free,ham
"Dear customer, your the u reward points expire today. Redeem thanks at win-now.xyz",spam
did you hi win the lecture quiz? now call me,ham
click the link i sent for the the os asap slides free,ham
hi Offer letter came and today!! Call you later,ham
"meet thanks single people near lab today, text 80888",spam
Urgent: send the OS file before 10,ham
"congratulations! you have won rs 10,000 cash prize. call 90xxxxxx77 to claim now",spam
call hey call me back on 90XXXXXX77 its urgent hi,spam
"CONGRATULATIONS! asap You have WON Rs 50,000 cash prize. Call 88XXXXXX45 to claim now",spam
"Free pizza in the hostel today, come fast! dear hi",ham
Reply when you reach canteen,ham
"Hi dear, I am new in your city. Message me on 88XXXXXX45",spam
Offer letter came today!! Call today you later,ham
Where did u you park? I'm near thanks the station,ham
Did you free finish hi the networks ok assignment?,ham
Can you and send me the notes for u OS?,ham
I'll call you after the lecture. call,ham
happy today birthday amit! have a great day,ham
your parcel is and waiting. call update address at win-now.xyz,spam
"congrats neha, you got a job offer. reply with your the details",spam
Did you today win now the seminar quiz? Call soon me,ham
Thanks for the hi help with networks yesterday,ham
"Running late, reach lab pls in 7 mins pls call",ham
and I'll call you asap after the seminar.,ham
"Bro I won Rs 1,00,000 in the office pool lol",ham
"sale at the mall, today 80% off, want pls to go?",ham
"hello dear hi arjun, your exam result pls is ready, check bit.ly/fr33",spam
hi Good luck for the OS exam!,ham
"Exclusive deal: cheap recharge offer, click bit.ly/fr33 before midnight",spam
can you send me the u thanks notes for maths?,ham
now Reply and when free you reach library,ham
Happy birthday Neha! Have a great day,ham
Can you send me the notes for DBMS? pls,ham
did you finish the ml assignment?,ham
Reply the when you reach asap and hostel,ham
Did you win the match quiz? Call me,ham
Can you pick up milk on the way home?,ham
asap Call me when you are and free,ham
did you win the lecture quiz? today call me,ham
i'll call you after the soon class.,ham
"CONGRATULATIONS! You have WON ok Rs 10,000 cash prize. Call 88XXXXXX45 to claim now",spam
Get instant credit card approval. u Apply now offerzz.in,spam
Your parcel is pls waiting. Update address at win-now.xyz,spam
the Your dear parcel is waiting. Update address at win-now.xyz thanks,spam
Good luck for the ML exam!,ham
Reply pls when you reach station the,ham
"Bro I won Rs dear 10,000 in the office pool lol",ham
call i'll u hi call you after the class.,ham
"today hi dear, free i am new in your city. message me on 88xxxxxx45",spam
free offer letter came today!! call you and later,ham
Urgent: send the DBMS file before 20 and thanks,ham
Did you finish today the ML assignment?,ham
offer letter came today!! call you later,ham
Let's study OS today today and together at the lab,ham
reply when you reach library,ham
Click the link I today sent pls for the maths slides,ham
Offer letter came today!! Call hi you later,ham
good luck for the os exam!,ham
Offer letter soon came today!! Call you later,ham
"bro i won rs 5,000 in the office pool lol",ham
"Bro I and won Rs 1,00,000 today pls in the office pool lol",ham
soon good today thanks luck for the maths exam!,ham
"asap Free pizza in u the and lab today, come fast!",ham
Reply when you reach hostel asap,ham
Did you win the class quiz? Call soon hi me,ham
"hi soon dear, i am new now in your city. message me on 88xxxxxx45",spam
"dear Free thanks pizza in the the lab today, come fast!",ham
"Meet single people ok now near library today, text 56767 free",spam
Let's pls study maths together at the library,ham
"You are selected for a the loan of u Rs 5,000 hi at 0% interest. Click bit.ly/fr33",spam
Where did asap you park? I'm near the canteen,ham
Did you finish the maths assignment?,ham
happy birthday free riya! have a great day,ham
call Urgent: send the ML file before 10,ham
call the Urgent: send the networks file asap before 8,ham
Urgent: send the DBMS file u before 8,ham
"soon Sale at hi the mall, 70% off, want to go? ok",ham
URGENT! Your account will be blocked. Verify KYC at offerzz.in immediately,spam
offer letter came dear pls today!! call you later,ham
call call can you send me the free notes for networks?,ham
"ok Dear customer, your reward points expire pls today. Redeem at bit.ly/fr33",spam
Mom says dinner at 20. Don't be late thanks,ham
"Meet hi single people near library today, text 56767",spam
Did you finish soon the OS dear assignment? call,spam
Get instant credit card the approval. u Apply now offerzz.in,spam
Urgent: send the networks file before 7,ham
Good luck for call the maths exam! soon,ham
Call me when you are free,ham
"Hello Amit, your exam today result is ready, check offerzz.in",spam
"call congrats neha, you got a job offer. reply with and your details free",spam
reply when you reach library,ham
"hey the dear sourav, are we meeting at lab today?",ham
"Free hi pizza in the library today, come fast!",ham
"Hey Priya, are we meeting at library today?",ham
I'll today call you after the lecture. asap,ham
WINNER!! You have been chosen for a free holiday. hi Call 88XXXXXX45,spam
Call me when you are free,ham
call me when you are thanks free,ham
Did you finish the OS assignment?,ham
happy birthday arjun! have a great day,ham
"Your lottery ticket number won! Send bank details to claim Rs 1,00,000 free",spam
"today congratulations! you have won rs 50,000 asap cash prize. call 90xxxxxx77 to today claim now",spam
asap Lab report thanks deadline moved to call Monday,ham
Can you send me the notes for OS?,ham
can now ok you pick up milk on the way home?,ham
"hi dear, u i am new asap in your city. message me on 98xxxxxx01",spam
Let's study OS together at the hostel,ham
Ok see you at the asap u class tomorrow today,ham
Thanks for asap now the help with DBMS yesterday,ham
call me when you are free,ham
Click the link I sent for the DBMS slides,ham
Did you finish the soon OS assignment?,ham
hey call me call back on 88XXXXXX45 its hi urgent,spam
"Hi dear, dear I am new in call now your city. Message me on 98XXXXXX01",spam
ok Did you finish the networks assignment?,ham
I'll call now you after the the lecture.,ham
Reply when you reach soon hostel now,ham
urgent! your account will now be blocked. verify kyc at offerzz.in thanks immediately,spam
Did you win the class quiz? Call me,ham
now did you finish the dbms assignment?,ham
Ok see now you call at the class tomorrow,ham
"Claim your pls FREE gift voucher worth thanks Rs 5,000. Reply YES to 56767",spam
Happy birthday Arjun! Have a great day,ham
Can and you send hi me the notes for OS? soon,ham
Reply when today you dear reach hostel,ham
"the Meet single call people near library today, text 80888",spam
call mom says dinner at 8. don't be late,ham
call me when you ok are free,ham
Did you finish the u DBMS assignment?,ham
u your parcel now is dear waiting. update address at win-now.xyz,spam
Lab report deadline moved to Friday,ham
Did you finish pls the DBMS assignment? today,ham
can you send me hi the notes for os?,ham
URGENT! Your the account will be blocked. Verify KYC at win-now.xyz immediately,spam
"claim your free gift voucher worth now ok rs 50,000. reply yes to 56767 thanks",spam
Where did you park? call I'm near the hostel,ham
thanks Lab report deadline moved to ok Friday,ham
"Exclusive deal: cheap recharge offer, click soon win-now.xyz before midnight",spam
"bro the i won rs 10,000 in the office pool lol ok",ham
"Sale at the mall, 80% the and off, want to go?",spam
call me when you are free,ham
offer letter u came today!! call you later,ham
Lab report deadline moved to Monday,ham
"hi Hi ok dear, I am new in today your city. Message me on 98XXXXXX01",spam
Happy birthday Riya! Have u a great day,spam
"the Dear customer, your reward points expire u today. Redeem at win-now.xyz",spam
Lab report deadline moved to Monday,ham
"pls Sale at free the mall, 100% off, want to go?",ham
"Sale at the mall, 100% off, want to go?",ham
Happy dear birthday Neha! Have a free great hi day,ham
"Meet single people near hostel call today, text 56767",spam
"hi dear, i am now new in your city. message me on 88xxxxxx45",spam
Thanks for the help with maths yesterday,ham
hey call me back on 98XXXXXX01 now its urgent,spam
did you finish the ml assignment?,ham
click the link i sent the for ok the dbms slides,ham
u Happy birthday Sourav! Have a great day asap,ham
and happy birthday sourav! have a great day,ham
Can you pick up milk on the way home?,ham
Click the link I sent for the pls networks slides,ham
"exclusive deal: cheap recharge ok offer, click bit.ly/fr33 u before midnight",spam
call Happy birthday Riya! Have a great day,ham
Where did you park? I'm hi near the lab now,ham
hi offer letter came today!! call you thanks later,ham
Ok soon see the ok you at the seminar tomorrow,ham
call me ok when you are today free,ham
Reply when asap you reach asap now canteen,ham
and Limited offer!!! Get 100% free OFF on all products. Buy now at thanks offerzz.in,spam
call me when you are free and,ham
URGENT! Your account will be thanks call asap blocked. Verify KYC at bit.ly/fr33 immediately,spam
"Hey Amit, are we meeting at library today?",ham
I'll the call you after the seminar. call,ham
"Earn Rs the 50,000 per day working from home. No experience. soon WhatsApp 98XXXXXX01",spam
Good now u luck for the call ML exam!,ham
hey call me back on soon 90XXXXXX77 asap its urgent,spam
today Lab soon report deadline the moved to Monday,ham
"and hi dear, i am new in your city. message me on 90xxxxxx77",spam
"Claim your FREE gift voucher and worth Rs 5,000. Reply YES to 80888",spam
now Mom says dinner free ok at 10. Don't be late,ham
call u Meeting dear with professor on Monday at 7,ham
Mom says soon dinner at 10. u Don't be late call,ham
call me when you are thanks free,ham
"Hey Priya, are we meeting at lab today?",ham
Click the link I sent for the ML ok slides,ham
"claim your free gift voucher worth rs pls 10,000. reply yes to 56767",spam
"the Claim your FREE gift voucher worth Rs 50,000. Reply YES u to 80888",spam
did you win the match quiz? call me,ham
"exclusive deal: u cheap recharge ok offer, click offerzz.in before midnight dear",spam
Lab report deadline ok moved to Friday,ham
can you pick up milk on the way now home?,ham
Did you win soon the today dear seminar quiz? Call me,ham
Can you send me the notes for ML? free,ham
hi Good luck for the OS exam!,ham
"sale at the mall, 100% hi off, want to go? dear",ham
Mom says dinner at 7. Don't pls be u late,ham
ok see now now you at the seminar tomorrow,ham
Ok see you at the lecture tomorrow,ham
"free free pizza in the station today, come fast!",ham
I'll call the you call after the lecture. ok,ham
"claim your free u gift voucher worth rs asap 10,000. reply yes to 80888",spam
can you pick up call milk on the hi way home?,ham
Offer letter came today!! Call you later,ham
the hi Click the link ok I sent for the OS slides,ham
Urgent: send the OS file before pls 8,ham
Happy ok birthday Riya! hi Have hi a great day,ham
Where free did you park? I'm near the canteen now,ham
can you send me the free notes for os?,ham
"Hey the Neha, are we meeting at hostel today?",ham
Lab report deadline moved to Friday u ok,spam
Did you win the match quiz? Call me,ham
"Hey hi call Sourav, are we meeting at hostel today today?",ham
Can you send me the soon ok notes for DBMS?,ham
Let's study OS together at pls the call and hostel,ham
Can you send me the notes for ok DBMS?,ham
FREE entry to win an iPhone! Text WIN to 80888 now,spam
hi Happy now birthday Arjun! Have ok a great day,ham
dear WINNER!! today You have been chosen for a free holiday. thanks Call 88XXXXXX45,spam
"Hi dear, I am new in your city. Message me on 98XXXXXX01",spam
Good luck for asap the OS exam!,ham
Urgent: u send the pls OS file before 5 today,ham
soon thanks Where did you park? today I'm near the hostel,ham
Where now did asap you park? I'm near the canteen,ham
dear Happy birthday Neha! hi ok Have a great day,ham
now pls Happy birthday Neha! Have call a great day,ham
Click the link I hi sent for the u ML thanks slides,ham
Offer letter now the came hi today!! Call you later,ham
lab report deadline moved to next week,ham
Offer letter asap dear u came today!! Call you later,ham
Let's now study maths together dear at the lab hi,ham
Ok see you at the seminar tomorrow pls,ham
Let's study asap free networks together soon at the canteen,ham
Call me thanks when you dear are free,ham
"Dear customer, your reward points expire today. Redeem at win-now.xyz",spam
Lab report deadline moved dear to Monday call call,ham
"asap running late, reach canteen in 5 and mins",ham
"Congrats Neha, you got a job offer. Reply with your details",spam
Did you finish the DBMS and assignment?,ham
"thanks Sale at the mall, 50% off, want to go? free u",ham
did you hi win the ok class ok quiz? call me,ham
"Hi dear, I am new in your city. Message me on 98XXXXXX01",spam
"Bro I won Rs 10,000 in pls and the office pool lol",ham
"congrats sourav, you got a job free offer. reply with your today details",spam
"Exclusive deal: cheap recharge offer, click win-now.xyz before midnight",spam
Where did you park? I'm near the station,ham
i'll call you after the class.,ham
"Your lottery ticket number won! soon Send bank details to claim Rs 5,000",spam
"Sale at the the mall, 50% off, want to go?",ham
dear i'll call you after asap the soon lecture.,ham
"Free pizza in the thanks library today, asap free come fast!",ham
Lab report deadline moved to Monday ok free,ham
Click the link free I sent for the DBMS slides,ham
"now Running soon late, reach u hostel in 20 mins",ham
click the link i sent for the maths slides,ham
"free pizza in the hostel pls today, come fast!",ham
Click the link I sent for the networks slides,ham
Urgent: send the DBMS today file before 20 pls u,ham
"Running late, reach canteen in 7 mins",ham
Did dear you win thanks the seminar dear quiz? Call me,ham
lab free u report deadline moved to friday,ham
"soon You are selected for a loan of Rs 1,00,000 ok hi at 0% interest. Click bit.ly/fr33",spam
"ok today Bro and I won Rs 10,000 in the office pool lol",ham
Can you pick up milk on the way home? soon,ham
"CONGRATULATIONS! You have WON Rs 5,000 cash prize. Call 98XXXXXX01 to claim now",spam
"You are selected now today for a loan of Rs 5,000 at 0% interest. Click win-now.xyz",spam
asap Where did you park? I'm near the asap lab soon,ham
hey call me hi back on 88XXXXXX45 its urgent,spam
today winner!! you have been chosen and for a free holiday. call 90xxxxxx77,spam
Meeting with professor on next week at 10,ham
"Your lottery ticket number won! Send bank details to claim Rs 50,000",spam
"Hey call Riya, are we meeting at hi lab today? thanks",ham
"Free pizza in the thanks now canteen today, come fast!",ham
Lab report deadline moved to next week,ham
Did you win u the lecture quiz? Call me,ham
"hi dear, i am new in your city. message me on 98xxxxxx01",spam
mom says dinner at 20. don't be late,ham
and Good luck for the maths dear exam!,ham
dear Call me dear when you are free,ham
URGENT! Your account will be call blocked. Verify KYC at offerzz.in immediately,spam
i'll call ok you soon today after the match.,ham
Offer letter came today!! Call you later,ham
Happy birthday Sourav! Have a great day,ham
"CONGRATULATIONS! You have and WON hi Rs 1,00,000 cash prize. Call 88XXXXXX45 to claim thanks now",spam
Can call you send me soon the notes for maths?,ham
Click the link I today sent for the networks slides thanks,ham
"bro i won rs 10,000 in the today office pool u lol",ham
reply when you reach lab,ham
Meeting with professor now on Friday at 10,ham
Happy birthday Sourav! Have a thanks great day,ham
dear lab report today deadline now moved to next week,ham
Lab and report deadline moved to Friday,ham
I'll call you after the asap match.,ham
"Free dear pizza in the hostel today, come fast!",ham
Can you send me the notes for maths?,ham
Your parcel is waiting. Update address at win-now.xyz,spam
Thanks for the help with ML hi yesterday,ham
"Sale at the mall, 200% and off, want to go?",ham
Let's study DBMS together hi at the hostel u,ham
I'll call you after the match.,ham
ok see today you at the seminar tomorrow,ham
"pls Sale at the mall, 200% free off, want to go?",ham
"Free pizza in the hostel today, hi come fast!",ham
"bro i won rs 50,000 in the office pool lol soon",ham
"Hey free Neha, are we meeting at canteen today?",ham
Offer letter came free today!! Call you later,ham
can you dear send me the notes for dbms?,ham
"Bro soon I won Rs pls 10,000 in the office pool lol",ham
"bro i won rs 10,000 in the office pool lol",ham
I'll call thanks you after the lecture.,ham
hi FREE entry pls to win thanks an iPhone! Text WIN to 80888 now,spam
thanks Urgent: send the maths file before 5 dear,ham
reply when you call reach library,ham
"Sale at the mall, today 50% off, dear want to go?",ham
reply when asap you reach canteen,ham
ok soon see you at the seminar tomorrow dear,ham
"Running late, reach lab in 10 ok soon mins hi",ham
FREE entry to win an iPhone! today Text WIN thanks call to 80888 now,spam
Mom says dinner at 5. soon asap Don't be late,ham
winner!! you have been now chosen hi for a free holiday. call 90xxxxxx77,spam
"Bro I today won Rs 10,000 u in the office pool lol",ham
Click the link I sent for the maths slides,ham
good ok luck for the networks exam! now,ham
WINNER!! You have been chosen call for a free holiday. Call 88XXXXXX45,spam
winner!! you have been chosen for a free holiday. thanks call 88xxxxxx45,spam
"Bro I the won Rs 1,00,000 in the office pool soon lol the",ham
Get instant credit card approval. Apply now win-now.xyz,spam
dear happy birthday free neha! have a today great day,ham
"Sale asap at the mall, pls 70% off, want to go?",ham
Where did you park? I'm near the library,ham
"Sale at the mall, 200% off, want to go?",ham
call meeting with ok professor call on next week at 7,ham
"exclusive thanks deal: the cheap recharge offer, click win-now.xyz before midnight",spam
dear Thanks for the help with networks yesterday free,ham
Reply now when you the reach u canteen,ham
"running late, reach hostel in 5 mins",ham
"Meet single people the near station today, text 80888",ham
Meeting with professor on next week at 20,ham
Can you send me soon the notes for DBMS?,ham
"Hi dear, I am new today in your city. Message me on 98XXXXXX01",spam
Meeting with professor on next week at 10,ham
Thanks for the help with DBMS yesterday,ham
"Dear and customer, your reward points expire today. thanks u Redeem at bit.ly/fr33",spam
your parcel hi is waiting. update address at win-now.xyz,spam
Click the link I soon dear sent for the networks slides,ham
"Exclusive deal: hi cheap recharge offer, click free pls bit.ly/fr33 before midnight",spam
Get instant free today credit card approval. ok Apply now offerzz.in,spam
"Sale soon at the mall, 50% off, want to go?",ham
Can you pick up milk on the way home?,ham
Call me when and you are free,ham
today can you send thanks me the notes for networks?,ham
"Sale today at the mall, today 70% off, want to go?",ham
"asap running late, reach hi library today in 20 mins",ham
"free running late, reach canteen in u 7 thanks mins",ham
Reply now today and when you reach hostel,ham
"Meet call single people near canteen today, text 56767",spam
Happy birthday Priya! today soon Have ok a great day,ham
limited offer!!! get 50% off on all products. buy now at win-now.xyz,spam
today happy birthday arjun! have a great day,ham
"Hey Riya, hi are we meeting at canteen today?",spam
thanks for the help free with networks yesterday,ham
reply when you reach and canteen asap,ham
Call me the when you are free,ham
Happy birthday asap pls Arjun! Have a great day,ham
urgent! your account will be blocked. verify u kyc and at win-now.xyz immediately,spam
Where now did you park? I'm near the station,ham
"Running hi late, and reach hostel in 5 mins",ham
"Hello Arjun, your exam result is ready, check offerzz.in",spam
Did hi you finish the now networks pls assignment?,ham
ok see ok you at the seminar tomorrow,ham
Happy birthday soon Riya! Have a great day pls,ham
reply when you reach library now,ham
Thanks for the help with OS yesterday,ham
"Claim your FREE gift voucher worth Rs 10,000. Reply YES to 80888",spam
free I'll call you after the seminar. thanks,ham
dear click the link i sent for the dbms and slides,ham
Mom says dinner pls at 8. Don't be ok late,ham
your the parcel is dear waiting. update address at bit.ly/fr33,spam
"Hi dear, I am new in your city. Message me on u 98XXXXXX01",spam
Lab report deadline moved to next week,ham
meeting with professor on friday at 5,ham
"thanks Exclusive soon deal: cheap recharge offer, click win-now.xyz before midnight",spam
Click call the link I sent for the OS slides soon,ham
call me when you are free,spam
"Sale at today the mall, 200% off, want to go?",ham
urgent! your account will be blocked. verify kyc at win-now.xyz ok immediately,spam
can you send me the u notes for maths?,ham
"Sale at the mall, 100% off, want to go?",ham
can you send me the notes for ml?,ham
Get now instant credit card approval. Apply now bit.ly/fr33 soon,spam
"Bro I won Rs 10,000 in the office pool lol",ham
"Running late, reach canteen in 5 mins",ham
"Earn Rs 50,000 per day ok working from home. No experience. WhatsApp 88XXXXXX45",spam
Reply when ok you reach station,ham
Can free you pick up milk on ok now the way home?,ham
"sale u at the and mall, 100% off, want to go? free",ham
did you win u the seminar quiz? call me and,ham
I'll and call you after the match. ok,ham
Reply when you reach library,ham
Can soon you send me the notes for maths?,ham
happy birthday thanks arjun! have a great u day,ham
call Meeting with pls professor hi on Friday at 7,ham
offer letter came today!! call you later,ham
Thanks pls for the help with networks yesterday,ham
and Did you win the call seminar quiz? Call me,ham
"the dear customer, your reward u points ok expire today. redeem at bit.ly/fr33",spam
free entry to win an iphone! text win to 56767 now,spam
today the Thanks for the help with networks yesterday,ham
"running thanks late, thanks reach lab in 5 mins",ham
thanks Mom says dinner ok at 5. Don't be late,ham
did you asap win the match call quiz? call me today,ham
the click the now link i sent for the maths slides,ham
ok Ok pls see you at the class tomorrow soon,ham
"Congrats Riya, you got a job ok offer. Reply with your details asap",spam
Your parcel is waiting. Update address at bit.ly/fr33,spam
Click the link I sent for the ML slides,ham
thanks pls for dear the dear help with dbms yesterday,ham
Mom says dinner at 7. Don't be late,ham
"running call late, reach station in 20 mins",ham
"Claim your FREE gift voucher worth Rs 1,00,000. now Reply YES to 56767 u",spam
"congratulations! you have won rs 50,000 cash prize. call 98xxxxxx01 to claim now",spam
Call soon me when you are now free,ham
let's and study networks together at the now library,ham
Reply when you reach library,ham
"free Running late, the reach lab in 8 mins",ham
Your parcel is waiting. Update address at win-now.xyz,spam
"Sale at the call ok mall, 200% off, want to go?",ham
I'll call you after the match.,ham
Reply and when free you reach today library,ham
meeting with professor on friday at 10,ham
"You soon are selected for a loan of Rs 1,00,000 at 0% interest. Click win-now.xyz",spam
"today Hey Arjun, asap are soon we meeting at lab today?",ham
did you today win the the lecture quiz? asap call me,ham
pls thanks for the help with and ml pls yesterday,ham
did free you finish the asap ml u assignment?,ham
I'll call you after the lecture.,ham
Did you win the seminar quiz? Call me,ham
lab report deadline moved to friday,ham
"CONGRATULATIONS! You ok have WON now Rs 50,000 cash prize. Call 90XXXXXX77 to today claim now",spam
"running late, reach hostel in 20 mins",ham
"hello amit, your exam result is ready, check bit.ly/fr33",spam
Get instant credit card approval. Apply now bit.ly/fr33 soon,spam
free Can pls you pick up milk call on the way home?,ham
"Running late, reach ok canteen in now 7 ok mins",ham
Mom says dinner at 20. Don't be late,ham
Did you win the seminar quiz? Call me,ham
your parcel is waiting. update the address at offerzz.in call,spam
Call me when you pls are free soon,ham
lab report asap deadline moved to friday,ham
Let's study maths together at the canteen free u free,ham
"dear Free pizza in the call dear library today, come fast!",ham
"CONGRATULATIONS! soon You have WON Rs 1,00,000 cash asap prize. Call 90XXXXXX77 to claim now",spam
Can you send me the notes for dear ML?,ham
I'll call you after the ok u lecture.,ham
Did u you win the lecture pls quiz? Call me,ham
Reply when you reach hostel,ham
urgent: send the os now file before 5,ham
"free u pizza in the station today, free thanks come fast!",ham
hey call me back on 88XXXXXX45 ok its urgent,spam
"claim your free gift voucher worth rs 1,00,000. reply yes to 56767",spam
"Dear customer, your dear reward points expire today. Redeem at thanks now win-now.xyz",spam
"Sale and the at thanks the mall, 100% off, want to go?",ham
Good luck for the call DBMS exam!,ham
Offer letter came today!! Call you later now,ham
"Running late, reach hostel in 20 mins ok",ham
"Congrats Priya, you got a job offer. Reply with your details thanks",spam
Click the link I sent for the OS slides call,ham
"Sale at the mall, 70% off, want to go?",ham
Ok see you now at pls the class tomorrow,ham
Urgent: pls send the u ML file before 8 ok,ham
Did you hi win the free lecture quiz? soon Call me,ham
hey call me back on 98xxxxxx01 its free urgent,spam
now did you win the class quiz? call me,ham
offer hi letter came today!! call you later,ham
Happy birthday Priya! Have asap a u great day now,ham
I'll pls call you call after the seminar. u,ham
Reply when you and reach library,ham
call me when hi soon you call are free,ham
thanks offer and letter came today!! call you later hi,ham
Let's study ML together at the now hostel,ham
"Free pizza in asap soon the station today, u come fast!",ham
asap asap Good luck for the DBMS and exam!,ham
"Your asap and lottery ticket number won! Send bank details to claim Rs 50,000",spam
"claim your today free gift voucher worth rs 5,000. reply yes to 56767",spam
Can you u pick up milk on the way home?,ham
"your lottery ticket number won! send bank details to claim rs 10,000",spam
hey call me back asap on 88xxxxxx45 its urgent,spam
u Ok u see you at the thanks class tomorrow,ham
"Hi dear, I am new in u your city. Message me on ok and 98XXXXXX01",spam
hey call me back thanks on hi 98XXXXXX01 its urgent,spam
call me when you are free,ham
Lab report deadline moved ok soon to Friday,ham
Let's study call DBMS together at the hostel,ham
Call the me when you are free,ham
mom says dinner at 5. don't be and late,ham
Can you soon send me the notes for OS?,ham
"Free pizza in the canteen today, come fast!",ham
FREE entry to win an iPhone! Text WIN to 80888 pls today now,spam
Lab report deadline moved to now next pls week,ham
happy birthday sourav! pls have a great day,ham
"CONGRATULATIONS! You have WON Rs 5,000 cash prize. Call 88XXXXXX45 to claim now",spam
ok see you at the lecture tomorrow,ham
Call me when you are call u free,ham
Did you win the class quiz? Call call free me,ham
Let's study OS together at thanks the lab,ham
hi get instant credit card approval. apply now bit.ly/fr33,spam
Thanks for the help ok with OS yesterday,spam
Call me when you are the free,ham
call me when and you are free,ham
Happy the hi birthday Priya! Have a great day,ham
Did hi you win the class quiz? Call me,ham
happy birthday amit! have ok today a great day thanks,ham
Call me when you now are free,ham
Urgent: send the ML file before 5 thanks,ham
offer today letter call came call today!! call you later,ham
"and and Exclusive deal: cheap recharge offer, click win-now.xyz the before midnight",spam
Thanks for asap the soon help with DBMS yesterday,ham
Let's now study ML u together at the station,ham
"Sale at the mall, dear 70% off, want call to thanks go?",ham
Can you ok pick up milk soon on the way home?,ham
reply when you call reach library free,ham
lab u ok report free deadline moved to monday,ham
I'll call you after thanks hi the class.,ham
Where did you park? I'm near the hostel,ham
"Sale ok at the mall, 100% off, want to call go?",ham
"your lottery ticket number won! send ok bank details to claim rs 1,00,000",spam
Can you send me asap the hi notes ok for OS?,ham
today Reply when you reach hostel,ham
thanks for the help with dbms dear asap yesterday free,ham
Did hi you asap finish the ML assignment?,ham
"Earn Rs 5,000 per day working from home. No experience. WhatsApp 88XXXXXX45",spam
happy birthday neha! have pls a great day,ham
Did you finish the DBMS assignment?,ham
Click the link I sent for the dear hi maths now slides,ham
mom says dinner ok at 8. don't be late,ham
"Earn Rs 50,000 per day working from home. No experience. WhatsApp ok 98XXXXXX01",spam
thanks meeting with pls professor on friday at 5,ham
"Hey Neha, are we meeting soon call at hostel dear today?",ham
Good luck call for the DBMS exam!,ham
"CONGRATULATIONS! You call have dear ok WON Rs 5,000 cash prize. Call 98XXXXXX01 to claim now",spam
"Hi dear, I am new in your city. Message hi me on 98XXXXXX01",spam
"CONGRATULATIONS! You have WON Rs 10,000 cash prize. Call dear 88XXXXXX45 to claim now",spam
"Exclusive deal: the cheap recharge offer, click today win-now.xyz before midnight",spam
"call Hey dear Amit, are we meeting at lab today?",spam
Click the link I sent for the ML slides,ham
"congrats priya, ok and you got a u job offer. reply with your details",spam
urgent! your account asap will be blocked. verify kyc at offerzz.in immediately,spam
the FREE entry free dear to win an iPhone! Text WIN to 80888 now,spam
Where did you park? the I'm near pls the asap library,ham
"and congratulations! you have won rs 5,000 cash prize. call 90xxxxxx77 to claim now",spam
Did you win dear now the lecture quiz? Call me thanks,ham
Click the link I sent for the networks slides,ham
"free Earn Rs 1,00,000 per day working from home. soon call No experience. WhatsApp 90XXXXXX77",spam
"Hello Riya, soon your exam result is ready, check win-now.xyz call",spam
and Urgent: send the now maths file before 7,ham
hi Let's study ML together at the thanks free lab,ham
Did you win the seminar quiz? Call now me,ham
Click the link I dear asap sent for the networks slides,ham
limited u ok offer!!! get 100% off on all products. buy now free at offerzz.in,ham
"Claim your FREE gift now voucher worth Rs 10,000. Reply YES to 80888",spam
"You are selected for pls a today loan of Rs 10,000 at 0% interest. Click bit.ly/fr33",spam
"Meet single people near canteen today, text 56767",ham
Mom says dinner at 20. and Don't be late,ham
meeting with professor on asap monday at 5,ham
"Claim your FREE gift soon voucher u worth Rs 1,00,000. Reply YES now to 80888",spam
Good free luck for the DBMS exam!,ham
"Free pizza in the library today, call come fast!",ham
URGENT! Your account will call be blocked. Verify KYC at win-now.xyz immediately,spam
Let's study OS together at the library,ham
now call Call me when hi you are free,ham
Lab report and deadline moved to Friday call,ham
Call me when you hi ok are free ok,ham
"you are selected for a loan of rs the 5,000 at 0% interest. click win-now.xyz",spam
Can you pick up milk on the way home?,ham
and did you finish soon the os assignment?,ham
"today u Exclusive deal: cheap recharge offer, click bit.ly/fr33 dear before midnight",spam
"hello u sourav, your exam result is today ready, check bit.ly/fr33",spam
Where did you pls dear park? I'm near the call hostel,ham
urgent! your account will be blocked. verify kyc dear at win-now.xyz immediately and,spam
thanks Did you win hi the lecture quiz? Call me,ham
WINNER!! You have been chosen for a call free pls holiday. Call 98XXXXXX01,spam
lab pls report deadline moved to u free friday,ham
WINNER!! You have been chosen for a free holiday. Call 90XXXXXX77,spam
urgent: send the maths call file u before 10,ham
call where did free pls you park? i'm near the canteen,ham
Thanks for dear the help with DBMS thanks yesterday,ham
"Exclusive deal: cheap recharge offer, click win-now.xyz before midnight",spam
urgent: send free the ml file before 5,ham
"congrats neha, and you got a job offer. reply with your details",spam
"Bro the I won Rs 10,000 in the office pool the lol",ham
"call hi dear customer, your reward points expire free today. redeem at win-now.xyz",spam
Where call did you park? I'm near the library,ham
click the link i sent for the maths slides pls,ham
"you soon are selected for and a loan of rs 1,00,000 at 0% interest. click bit.ly/fr33",spam
Let's study free networks together at the station,ham
today Did you finish the ML assignment?,ham
Ok see asap you at the match u tomorrow,ham
"sale at the mall, 200% off, want to go?",ham
Lab report deadline moved to call next week the,ham
"sale at the mall, 200% off, want to go? u",ham
"Congrats Amit, you got now a today job ok offer. Reply with your details",spam
FREE entry to win the an iPhone! Text WIN to 56767 now,spam
"bro i now won rs 50,000 in the office pool lol",ham
Where did hi you park? I'm near the station,ham
Did you free win the match quiz? u Call me,ham
let's study networks together at dear the canteen,ham
WINNER!! You have been chosen for a free holiday. Call free 98XXXXXX01,spam
Good luck for the OS exam! u dear,ham
"hey sourav, are we meeting at lab today?",ham
"Bro I won thanks Rs 10,000 in the office pool lol",ham
Offer letter came dear today!! Call you the later,ham
free entry to win an dear iphone! text win to 80888 now,spam
Where today did you park? I'm near the lab,ham
can you pick up today milk on the way home?,ham
Lab report deadline moved to Monday,ham
lab report deadline moved to monday dear,ham
Can you send me the u the notes for maths?,ham
"Sale free at thanks the mall, 50% off, want to and go?",ham
Happy birthday Riya! Have a great day,ham
URGENT! Your account dear will the be blocked. Verify KYC at win-now.xyz immediately,spam
"Hey Riya, are we meeting at the hostel today? now",ham
Can you send me the notes for networks? today,ham
"CONGRATULATIONS! You have WON Rs 1,00,000 cash prize. Call 98XXXXXX01 to claim now",spam
thanks for the help with networks yesterday,spam
"Bro I u won Rs 5,000 in the office pool lol",ham
call me when you are ok free,ham
good luck u dear for the the ml exam!,ham
"thanks Dear customer, thanks your free reward points expire today. Redeem at offerzz.in",spam
"Sale at the mall, 200% off, asap want soon to today go?",ham
Ok see you at the lecture tomorrow,ham
Can you send me the notes for DBMS? u,spam
Urgent: send free the OS file before 7,ham
lab report deadline moved to next week dear u,ham
"Free pizza in the canteen today, come fast!",ham
"hi hello neha, soon your exam result is ready, check bit.ly/fr33",spam
thanks for the help with maths yesterday,ham
Did you win the class quiz? Call me,ham
let's study maths together at the library asap,ham
"Hey Arjun, are we meeting thanks at asap canteen today? now",ham
WINNER!! You and have been chosen for a free holiday. Call 90XXXXXX77,spam
"You are selected for a loan u today of Rs 1,00,000 at 0% interest. Click free win-now.xyz",spam
Happy birthday hi Riya! Have a asap great day soon,ham
"free pizza ok in the canteen today, come fast!",ham
Can you send me the notes soon for maths?,ham
"sale at the asap mall, 50% off, want to go? hi",ham
I'll call you after the match.,ham
winner!! you have been chosen for a u free holiday. call 98xxxxxx01,spam
"Sale at the mall, 80% off, u u want to go?",ham
Can you the call send me the notes for maths?,ham
Offer letter came today!! Call free you later call,ham
urgent: send the networks file before asap pls ok 20,ham
"CONGRATULATIONS! You u have WON Rs 50,000 cash prize. thanks Call 88XXXXXX45 to claim now",spam
hi u ok see you at the seminar tomorrow,ham
reply when you ok reach pls station,ham
where u did you dear park? i'm near the thanks lab,ham
"and Sale u at the mall, 100% off, want to go?",ham
"earn rs 5,000 per day working from home. no experience. whatsapp 98xxxxxx01",spam
"Hi dear, I am new in your now call city. Message call me on 90XXXXXX77",spam
the can you pick up thanks milk on the way home? soon,ham
Get and instant credit card thanks approval. Apply now win-now.xyz,spam
"Bro I won Rs 1,00,000 in the office pool lol",ham
Meeting u with u professor on next week at free 8,ham
free hey call me back on 90xxxxxx77 its urgent,spam
"claim your hi free gift voucher worth rs 1,00,000. reply now yes to 56767",spam
Can you send me the notes for ML?,ham
"You are selected for a loan of hi Rs 5,000 at the free 0% interest. Click bit.ly/fr33",spam
get instant credit card and approval. apply now offerzz.in,ham
pls can you send me the notes for maths? asap,ham
URGENT! Your account free will be blocked. Verify KYC at free dear win-now.xyz immediately,spam
call today me when hi you hi are free,ham
"Sale now at the mall, 200% off, want to go?",ham
asap Can you pick up milk on the dear way home? dear,ham
Let's study DBMS together at the canteen,ham
Thanks for ok the help with maths yesterday and,ham
"the Free pizza in the canteen today, come fast!",ham
"Meet single people near station today, text 56767",spam
click the link i sent for the ml free slides,ham
"Running late, reach lab in 10 mins",ham
did you finish soon the u maths assignment?,ham
Meeting with professor on next week at now 5 pls,ham
"You the are selected for a loan of Rs 50,000 at 0% interest. Click offerzz.in",spam
Let's study ML together at the library,ham
Good luck for the DBMS exam!,ham
Meeting free with professor on now Friday at pls 20,ham
"Hi dear, I u am new in your city. Message me on 98XXXXXX01",spam
Good luck free for the soon ML exam! hi,ham
"Claim your today FREE now gift voucher worth Rs 1,00,000. Reply YES to 80888",spam
Good luck for the DBMS exam!,ham
"Sale at the mall, 80% off, want to go?",ham
FREE entry to win an iPhone! Text WIN to 56767 now,spam
and and Good luck for the hi maths exam!,ham
"Running late, call reach library in 8 mins",ham
urgent: send now the dbms ok file before 8,ham
Lab report deadline moved to next week,ham
FREE entry to win an iPhone! Text pls WIN to 56767 now,spam
thanks for today the help with thanks os yesterday,ham
let's study networks together at the canteen,ham
soon Can you send me asap the notes for today networks?,ham
Where did you park? I'm near the now station,ham
"Hello Neha, your exam result is ready, check bit.ly/fr33",spam
Let's study OS together at the asap hostel,ham
Reply when you reach thanks station,ham
Can you pick up milk on the way home?,ham
Thanks for the help with ML yesterday,ham
Lab report deadline and moved to ok Monday,ham
Did you soon win the class quiz? Call call me,ham
Did today you win the class quiz? Call me soon pls,ham
happy u birthday sourav! have a great day,ham
Call me soon when you are dear pls free,ham
I'll call hi the you after the seminar.,ham
Click the link I the sent for the networks soon slides,ham
WINNER!! You have thanks been u chosen for a free holiday. pls Call 98XXXXXX01,spam
happy birthday arjun! have a great day asap,ham
Where did now you park? free I'm near the canteen the,ham
"pls Meet single asap people near station today, text 56767",spam
Meeting with professor on next week now free at 20 hi,ham
"Running call late, reach canteen in 5 mins asap today",ham
Meeting asap with hi professor on Monday at call 10,ham
soon Good luck for the DBMS exam!,ham
Did you call win dear the match quiz? Call me,ham
"hi you are selected for a loan of dear rs 5,000 at 0% interest. click bit.ly/fr33",ham
free entry to win an asap iphone! text win to 56767 now,spam
"and Sale at the dear mall, 80% off, want to now go?",ham
"Earn Rs 1,00,000 per day working from home. No experience. WhatsApp 90XXXXXX77",spam
Can free you pick up milk on the way home?,ham
"Hi asap dear, I am new in your city. Message me on the 90XXXXXX77",spam
"Sale the at the today mall, 80% off, want free to go?",ham
"Running ok call late, reach canteen in 10 mins",ham
Lab report deadline pls pls moved to next ok week,ham
now offer letter came today!! call you later,ham
"Bro I won Rs 10,000 u in the office pool lol",ham
soon thanks for the help now with os yesterday,ham
"Congrats Priya, you got a job offer. Reply with your details",spam
Thanks for the help with OS yesterday ok,ham
lab thanks report deadline hi moved to u monday,ham
"Meet single people near dear u hostel today, text 56767",spam
"hey priya, are we today meeting hi pls at station today?",ham
Lab report deadline moved to Friday u,ham
"Sale at the soon mall, asap 100% off, want dear to go?",ham
"Running late, reach lab in dear 7 mins the dear",ham
"Sale at the mall, 50% off, free want to go?",ham
FREE entry to call win an iPhone! Text WIN to 56767 now,spam
mom says dinner at free 20. don't now be late,ham
thanks dear for the help with ok maths yesterday,ham
URGENT! Your account will be blocked. Verify KYC at offerzz.in immediately,spam
I'll call you after the match.,ham
Did you win the class quiz? Call free me,ham
"Meet single people near library today, text 56767",spam
ok Where did you park? I'm u near hi the hostel,spam
Did you u win the lecture quiz? Call me,ham
Meeting hi with professor on next week pls at 10,ham
I'll call you after the soon seminar. today call,ham
call me when you are free,ham
Can you send thanks and me the notes for DBMS?,ham
Click the link I sent for free the maths slides,ham
free Good luck for the DBMS exam!,ham
happy the birthday priya! have dear a free great day,ham
Lab report free call deadline moved to Friday soon,ham
"Running late, thanks thanks reach library in 10 mins hi",ham
Where did you park? I'm near the hostel,ham
Urgent: send pls the DBMS file before 20,ham
good luck for the os today exam!,ham
Did you finish the now ML assignment?,ham
Thanks for the help with OS yesterday,ham
"CONGRATULATIONS! You have WON Rs 1,00,000 cash today prize. Call 98XXXXXX01 to claim now asap",spam
"CONGRATULATIONS! You free have u WON Rs 10,000 cash prize. and Call 90XXXXXX77 to claim now",spam
"you are selected for a u loan of rs 1,00,000 asap at 0% interest. asap click win-now.xyz",spam
"You are selected for a loan of Rs 1,00,000 at 0% interest. Click offerzz.in",spam
winner!! today you have been chosen for a free holiday. call 90xxxxxx77 dear,spam
Ok see you at today thanks the class tomorrow,ham
"Hey Riya, are we meeting at station today?",ham
"Free pizza in the lab today, come soon fast! free asap",ham
"Hello the Sourav, your exam result is ready, check bit.ly/fr33",spam
today Where did you park? I'm near the library,ham
Click the link I sent for the OS dear soon asap slides,ham
Click the link I sent for the DBMS slides u,ham
"Sale at the mall, 70% off, want to go?",ham
Can you pick up milk on the way home?,ham
WINNER!! You have been chosen for a free u holiday. Call 98XXXXXX01,spam
"Hello Neha, your exam thanks result pls is ready, check pls win-now.xyz",spam
"Running late, reach u hostel in 8 mins",ham
Call me when you are call free,ham
ok soon i'll call you after dear the lecture.,ham
I'll call now you after the match.,ham
"exclusive deal: cheap recharge offer, click offerzz.in before midnight",spam
URGENT! Your account will be blocked. Verify KYC at win-now.xyz immediately today,spam
Limited offer!!! Get 70% OFF on all pls dear products. Buy now at offerzz.in,spam
dear I'll call you after the match.,spam
Can the asap you send me the notes now for networks?,ham
"Bro I won Rs 10,000 in the and office asap pool u lol",ham
Mom says dinner at 10. Don't be and late free hi,ham
"asap claim your free gift voucher worth rs 5,000. reply yes to and 80888",spam
"Congrats Riya, you got a job hi offer. Reply with your details",spam
lab ok thanks the report deadline moved to next week,ham
"hi dear, i am new in your city. message me on 88xxxxxx45",spam
Click the link I sent the for the ML slides,ham
Ok see you at the class tomorrow,ham
"Running late, reach station in 20 mins and and the",ham
ok your parcel is waiting. update address at u offerzz.in thanks,spam
Reply the when you reach library,ham
click the today link i call sent for the soon maths slides,ham
limited offer!!! get 70% off on all products. buy now at win-now.xyz,spam
Ok see you at the class tomorrow,spam
meeting with professor free the on the friday at 10,ham
lab report deadline moved to friday,ham
Where did you park? I'm now near the asap canteen,ham
"Hey ok Priya, are we meeting at library today?",ham
Offer letter came ok today!! Call you asap later and,ham
thanks for the help and with the ok os yesterday,ham
"CONGRATULATIONS! You have WON Rs 5,000 cash prize. Call 88XXXXXX45 to claim now",spam
"Running late, pls reach station in 7 mins hi",spam
"Exclusive deal: cheap recharge offer, click bit.ly/fr33 before midnight",spam
"claim your today free gift hi now voucher worth rs 5,000. reply yes to 80888",spam
Did and the you win the class quiz? today Call me,ham
Reply when you reach canteen,ham
Offer letter came today!! Call you later,ham
"Exclusive deal: cheap hi recharge pls offer, click win-now.xyz hi before midnight",spam
"Bro I won Rs 50,000 today in pls the office pool soon lol",ham
"Hi dear, I am new in your city. Message me on 88XXXXXX45",spam
Offer letter came today!! hi free Call you later,ham
ok where did you park? i'm dear near the station call,ham
Let's study networks together at free the canteen,ham
FREE entry to win an iPhone! Text WIN to 80888 free now,ham
"hi dear, i am new in your now city. message me on 98xxxxxx01",ham
good luck for the dbms exam!,ham
"and congratulations! you have won rs 50,000 cash prize. call 90xxxxxx77 to claim now",spam
Ok see you at the seminar tomorrow,ham
Mom says dinner at 5. Don't and be late,ham
"today Sale at the free mall, 200% off, want to go?",ham
"bro i free won rs 10,000 in the office pool lol",ham
"free pizza in the station today, now come fast!",ham
Ok see you at the seminar tomorrow,ham
"free Sale at the mall, 50% off, want to go?",ham
Thanks for the help asap with and free DBMS yesterday,ham
limited offer!!! get 80% off on all products. buy now at win-now.xyz,spam
Let's study maths together at the canteen,ham
Thanks for the help with networks yesterday,ham
URGENT! Your now asap account will be blocked. Verify dear KYC at offerzz.in immediately,spam
lab report deadline moved to monday soon and,ham
Mom says dinner at 8. hi Don't call be u late,ham
"Hello Riya, your exam result is ready, check bit.ly/fr33",spam
"Your lottery ticket number won! Send bank details to claim Rs 50,000",spam
"earn rs 1,00,000 per day working from home. no experience. whatsapp 88xxxxxx45",spam
let's study networks together at the library,ham
"Hi dear, free I am new in your city. Message me on 98XXXXXX01",spam
"Congrats Arjun, you asap got a job offer. Reply with your details",spam
let's study dbms together at the ok call library the,ham
Click the the link I ok sent for the asap ML slides,ham
"hey priya, free are we meeting at library today?",ham
now Did you finish the pls ML assignment? call,ham
Meeting with professor on next week u ok ok at 20,ham
your parcel is waiting. update address at offerzz.in,spam
"free pizza in the lab today, come now fast!",ham
Thanks for the help asap with maths yesterday now,ham
"thanks Bro soon I won Rs 10,000 in the office pool lol",ham
Can you u pick up milk on the way home?,ham
did you finish dear now the maths assignment?,ham
good luck for the os exam!,ham
Offer letter came today!! now Call you hi later thanks,ham
can you pick up milk on the way home?,ham
Click the the link I sent for the DBMS slides,ham
URGENT! pls Your account will and u be blocked. Verify KYC at offerzz.in immediately,spam
good luck for the maths exam!,ham
Urgent: send the ML file before 8,ham
Call me free when and you are free,ham
Good hi luck for pls the maths exam!,spam
Good luck for the ML exam!,ham
urgent: send the networks file hi and now before 7,ham
Offer letter free today came today!! Call now you later,ham
urgent! soon soon your account will be blocked. verify kyc at offerzz.in and immediately,spam
"free pizza in and the call hostel today, and come fast!",ham
"Bro I won Rs 50,000 in the office pool lol",ham
and Meeting with professor on Friday thanks hi at 8,ham
"Bro soon I won Rs 50,000 in the office the pool lol call",ham
"Free pizza in the station today, come fast!",ham
"sale at the mall, 50% off, want to go?",ham
"free u Running late, thanks reach lab in 20 mins",spam
Thanks for the help with OS thanks yesterday pls,ham
I'll call you after the asap soon ok seminar.,ham
u Mom says dinner asap at now 5. Don't be late,ham
click the link ok i sent for call the os slides,ham
Meeting with professor asap pls on Monday at 5,ham
free Did you win the and class quiz? Call ok me,ham
"Free pizza in the u hostel today, come fast!",ham
call today me when you are free dear,ham
"hi ok Sale at the mall, 50% off, want to go?",ham
WINNER!! You have ok ok been chosen for a free holiday. Call 90XXXXXX77 now,spam
Meeting with professor on Friday at the 5 asap,ham
Thanks asap for the help with ML yesterday,ham
"Meet single people near library today, text 56767",spam
Urgent: send call the networks file before 8,ham
"hey arjun, now are we meeting at canteen today?",ham
Ok see you at the class tomorrow asap,spam
Call me when you are free,ham
"sale dear at the mall, u 100% off, want hi to go?",ham
Urgent: send the networks u file before 10 call,ham
"your lottery thanks ticket number won! send pls bank details to claim rs 1,00,000",spam
and did the you finish thanks the dbms assignment?,ham
URGENT! Your account will be blocked. Verify KYC at offerzz.in immediately,spam
Did pls you win the seminar quiz? Call me,ham
the good luck for the networks exam!,ham
Reply when you reach station the,ham
i'll call you after the match.,ham
offer letter pls call ok came today!! call you later,ham
Mom says dinner at 8. Don't soon now be late,ham
"hey sourav, dear are we meeting at hostel today?",ham
Let's study ML together at free u the library,ham
Offer letter today came dear today!! today Call you later,ham
"u running today late, reach hostel in 5 call mins",ham
free Let's hi study ML together now at the canteen,ham
"bro i won rs 50,000 in the office pool lol",ham
Mom says dinner at 10. Don't be late the u,ham
mom says dinner at 7. don't be late,ham
i'll call you thanks the pls after the seminar.,ham
thanks for dear the help with os yesterday,ham
ok see you at the seminar tomorrow,ham
I'll call you after the seminar.,ham
"congratulations! you have won rs 50,000 cash prize. call 90xxxxxx77 to claim now",ham
Can you send me and the notes for asap networks?,ham
"Bro I won Rs 5,000 in the office pool lol",ham
"Hi dear, I and am new today in your city. Message me on 90XXXXXX77",spam
offer letter came soon today!! call call you later today,ham
Thanks for the help with ML yesterday,ham
Click the pls dear link I sent for the DBMS slides dear,ham
"earn u rs 50,000 per day working from home. no experience. whatsapp 98xxxxxx01",spam
URGENT! Your account will be blocked. Verify KYC at win-now.xyz immediately,spam
"Dear customer, now your reward hi points expire today. Redeem at win-now.xyz",spam
free Urgent: send the networks file before 20,ham
Get instant credit card approval. Apply now offerzz.in,spam
WINNER!! call You have been chosen soon for a free pls holiday. Call 90XXXXXX77,spam
I'll call you after the the seminar.,ham
ok hey call dear ok me back on 98XXXXXX01 its urgent,spam
the Can and now you send me the notes for OS?,ham
"Free pizza in call the soon canteen call today, come fast!",ham
"hi Hey Priya, are we meeting call at canteen today?",ham
Limited offer!!! Get 200% OFF on all products. call Buy now at offerzz.in,spam
Happy birthday Arjun! Have a great day,ham
limited offer!!! get 70% off on all products. buy now at bit.ly/fr33,spam
"Dear customer, your reward points expire today. Redeem at win-now.xyz",spam
Offer letter came today!! Call you later,ham
Offer letter came today!! Call you later,ham
did you call pls win the match quiz? call me,ham
the Where did you park? now thanks I'm near the canteen,ham
Click the link I sent for the DBMS slides,ham
"Running late, call reach lab in 20 mins free the",ham
Your parcel is waiting. Update address at bit.ly/fr33,spam
Thanks for and the help with ML thanks yesterday dear,ham
"Free pizza in the library today, come fast!",ham
Your parcel is waiting. free Update address and at win-now.xyz,spam
"call Sale at and the mall, u 200% off, want to go?",ham
"ok Running late, asap reach station in 7 mins now",ham
"Earn Rs 1,00,000 per day working from home. No free experience. dear WhatsApp 98XXXXXX01",spam
soon FREE entry to win an iPhone! Text WIN to 80888 now,spam
Did you win the match quiz? Call me,ham
and Good pls luck for the networks exam!,ham
soon pls meeting with pls professor on next week at 7,ham
"dear customer, your reward points expire today. redeem at offerzz.in",spam
Urgent: send the DBMS file before 10 pls,ham
hi Where did you park? I'm ok near the hostel,ham
"Hey Arjun, are we meeting at station today?",ham
Let's study maths together at the lab,ham
click asap the link i sent for ok the ml slides asap,ham
"sale at the mall, ok 200% off, want to go? u call",ham
Let's study DBMS together at the station,ham
Can you call pick up milk and on the way home? thanks,ham
"Hi dear, I am new in your city. Message me on 88XXXXXX45",spam
Offer ok letter came today!! u Call you later,ham
"call running late, reach hostel in 5 mins",ham
Let's study maths together at the station,spam
call and me when you are free,ham
"running late, reach free hostel in 20 mins",ham
I'll call you after today the lecture.,ham
Call pls me asap when free you are free,ham
"bro i thanks won rs 1,00,000 asap dear in the office pool lol",ham
Offer letter and came today!! Call now you later,ham
Ok see you at the class tomorrow,ham
thanks for the help with call dbms yesterday,ham
"Hello Neha, your exam result is ready, check offerzz.in",ham
Offer letter came today!! Call you and asap call later,ham
Good luck for the ML u exam!,ham
now Your parcel is waiting. soon Update free address at bit.ly/fr33,spam
meeting with professor on monday at 5 today,ham
Your parcel free is u waiting. Update address at today bit.ly/fr33,spam