Suburb,Rooms,Type,Method,SellerG,Regionname,Propertycount,Distance,CouncilArea,Bedroom2,Bathroom,Car,Landsize,BuildingArea,YearBuilt,Price
Suburb_25,5,t,SP,Agent_1,Western Metro,3713,20.9,Council_5,4,2,2,388.1,,1971,695056
Suburb_15,1,h,PI,Agent_2,Northern Metro,12340,7.6,Council_18,0,3,1,480.5,,,583076
Suburb_39,5,h,S,Agent_13,South-Eastern Metro,8110,15.3,Council_17,5,2,1,27.9,,1934,667721
Suburb_4,3,h,PI,Agent_13,Southern Metro,2583,2.6,Council_14,4,1,1,,,,628202
Suburb_14,5,h,SA,Agent_8,South-Eastern Metro,9338,16.4,Council_7,6,1,0,569.1,,1956,705236
Suburb_5,2,t,PI,Agent_7,South-Eastern Metro,5367,6.8,Council_8,3,2,0,567,123.1,,345984
Suburb_14,3,h,SP,Agent_2,Eastern Victoria,13044,12.3,Council_10,3,2,3,847.4,128.5,,762770
Suburb_39,4,t,VB,Agent_17,South-Eastern Metro,4387,7.2,Council_14,3,3,0,,,,653638
Suburb_15,2,h,SA,Agent_10,Eastern Metro,13038,4.6,Council_17,2,3,3,953.7,148.5,1978,656518
Suburb_37,2,h,PI,Agent_3,South-Eastern Metro,10619,9.6,Council_15,3,1,1,774.4,,1970,516652
Suburb_20,3,t,SP,Agent_10,Eastern Victoria,2462,7.1,Council_20,2,1,3,,,,556642
Suburb_28,4,h,VB,Agent_24,Eastern Metro,11510,14.2,Council_21,3,1,1,313.1,,1976,611727
Suburb_19,2,t,S,Agent_7,Northern Metro,10948,6.3,Council_15,3,1,3,,,,607776
Suburb_11,4,h,SA,Agent_23,Western Victoria,7112,13.7,Council_8,3,1,2,,,1901,607486
Suburb_31,4,u,SP,Agent_7,Southern Metro,2830,20.4,Council_13,5,1,3,746.6,112.3,,741964
Suburb_39,1,h,SP,Agent_5,Northern Victoria,7431,6.2,Council_9,2,2,0,686.9,120.8,1906,473601
Suburb_11,5,h,VB,Agent_7,Southern Metro,9324,6.4,Council_14,5,1,3,,,,828580
Suburb_32,1,u,S,Agent_9,Southern Metro,2414,3.1,Council_18,1,1,,736.1,134,,440993
Suburb_11,4,h,SP,Agent_4,Eastern Victoria,5445,10.4,Council_8,3,1,1,878.3,158.8,1971,625356
Suburb_29,3,h,S,Agent_15,Southern Metro,10676,1.3,Council_11,3,3,0,764,,1998,
Suburb_32,4,h,SP,Agent_9,South-Eastern Metro,8516,7.3,Council_1,5,2,3,490.4,181.7,2012,703404
Suburb_18,4,u,PI,Agent_18,South-Eastern Metro,14888,0.5,Council_16,5,3,,,98.1,,835687
Suburb_30,4,h,S,Agent_13,Northern Metro,3642,7.9,Council_11,4,1,3,,63.6,1983,515800
Suburb_11,4,u,SP,Agent_12,Southern Metro,11779,11.5,Council_10,5,1,,295.6,137.6,,790859
Suburb_4,5,t,VB,Agent_12,Eastern Victoria,6668,3.7,Council_12,6,2,0,,,1937,965094
Suburb_4,4,h,SA,Agent_4,Northern Victoria,3735,8.2,Council_5,3,2,1,655.9,,1973,673365
Suburb_18,5,h,S,Agent_18,Northern Metro,14291,4.7,Council_13,5,1,1,,,1981,779996
Suburb_37,3,u,VB,Agent_3,Western Victoria,9535,5.3,Council_16,3,1,0,348.8,139.1,1970,661418
Suburb_6,2,h,S,Agent_19,Eastern Metro,8263,5.6,Council_8,2,2,3,573,193,1911,379112
Suburb_19,2,h,PI,Agent_25,Northern Metro,4776,7.4,Council_3,3,1,3,,54.2,1949,560082
Suburb_29,4,u,SA,Agent_20,Western Victoria,13281,13.4,Council_9,5,2,2,630.2,,1934,701924
Suburb_9,3,h,VB,Agent_12,Northern Metro,937,9.1,Council_5,3,3,,407.8,,,576745
Suburb_29,1,h,SP,Agent_8,Northern Victoria,2169,14.2,Council_8,0,2,2,283,197.6,,441569
Suburb_13,2,u,SP,Agent_22,Western Victoria,3107,8.1,Council_14,3,2,2,516,,,524442
Suburb_33,5,h,VB,Agent_7,Northern Victoria,9968,36.5,Council_3,6,2,0,617.7,143.1,1912,470848
Suburb_24,4,h,SA,Agent_13,Northern Victoria,1987,7,Council_16,5,3,2,245.4,,1988,728650
Suburb_22,4,h,SP,Agent_20,Western Metro,12058,6.2,Council_5,4,2,3,427.2,,1906,698778
Suburb_8,1,u,S,Agent_24,Southern Metro,3341,6.7,Council_19,0,2,3,640.3,177.5,,
Suburb_19,1,u,PI,Agent_24,Northern Victoria,10308,7.4,Council_16,1,3,2,,213.5,2018,530439
Suburb_35,2,h,VB,Agent_3,Western Victoria,12036,4.9,Council_6,,1,3,2.7,234.5,1985,628971
Suburb_1,5,h,PI,Agent_23,Northern Metro,13239,9.3,Council_12,5,1,2,39,,1966,834077
Suburb_31,3,h,SA,Agent_3,Western Victoria,4746,9.3,Council_3,4,2,1,,252.8,,685878
Suburb_20,4,h,SA,Agent_15,Western Metro,1583,9.3,Council_3,3,1,1,,155.6,1905,741053
Suburb_29,3,h,VB,Agent_24,Northern Victoria,11477,3.6,Council_21,4,1,2,395.7,,2008,644576
Suburb_27,3,t,S,Agent_17,Southern Metro,7006,12.7,Council_17,2,1,3,999.5,175.7,1995,639744
Suburb_18,4,h,SA,Agent_24,Northern Victoria,14258,5.4,Council_4,3,3,0,,,,
Suburb_13,5,u,VB,Agent_9,Southern Metro,3227,5.8,Council_6,6,2,1,415.2,,1996,839288
Suburb_26,3,h,SP,Agent_8,Eastern Metro,8826,5.7,Council_5,2,3,2,,180.2,1900,459673
Suburb_6,3,h,PI,Agent_9,South-Eastern Metro,2227,1,Council_9,4,1,3,622.4,,1996,606816
Suburb_24,5,h,SA,Agent_9,Northern Metro,7538,8.5,Council_7,6,2,1,389.7,174.8,1954,838849
Suburb_4,2,h,SA,Agent_18,Western Metro,514,20.1,Council_7,1,2,2,,201.9,,556327
Suburb_26,5,u,PI,Agent_12,Northern Victoria,11376,5.5,Council_12,4,2,0,,,1949,793028
Suburb_26,3,t,S,Agent_19,Southern Metro,9270,5.5,Council_4,2,3,1,,,,757175
Suburb_4,5,u,VB,Agent_11,Eastern Metro,1907,17.6,Council_19,4,3,3,,250.7,2001,681538
Suburb_31,3,h,VB,Agent_8,Eastern Metro,7742,5,Council_16,4,2,,272.7,,2016,604619
Suburb_17,4,u,S,Agent_5,South-Eastern Metro,6709,16.3,Council_16,5,3,3,86.4,100.6,,809022
Suburb_32,2,h,SA,Agent_14,Western Victoria,10267,7.5,Council_4,3,1,0,530.9,,1933,447771
Suburb_2,4,t,SP,Agent_23,Eastern Victoria,7732,3.2,Council_15,5,1,1,78.3,129.8,,
Suburb_8,2,h,SA,Agent_22,Southern Metro,7155,11,Council_18,3,3,3,360.9,,1959,580842
Suburb_20,4,h,PI,Agent_7,Northern Metro,12550,6.5,Council_4,5,1,3,227.4,105.8,1924,748198
Suburb_8,4,h,SP,Agent_12,Northern Metro,8026,7,Council_16,5,1,3,822.2,,1986,
Suburb_14,3,h,S,Agent_18,Northern Victoria,12306,11.6,Council_8,3,1,1,347.5,181.8,,508300
Suburb_27,3,h,S,Agent_16,Southern Metro,13337,6.7,Council_17,4,1,3,,,1948,802516
Suburb_6,2,t,VB,Agent_2,Southern Metro,12799,4.2,Council_11,1,2,1,18.8,199.2,1983,537061
Suburb_28,4,u,SP,Agent_15,Eastern Victoria,14355,17.9,Council_17,4,1,3,539.5,,2010,842974
Suburb_5,3,t,SA,Agent_1,Eastern Victoria,10619,14.5,Council_4,4,2,3,139.1,127.4,1974,619951
Suburb_8,3,h,SP,Agent_3,Eastern Victoria,8645,7.9,Council_9,2,3,1,372.3,156.3,,
Suburb_24,1,h,SA,Agent_17,Eastern Metro,8193,5.4,Council_6,0,1,1,1163.4,175.6,1999,265457
Suburb_32,1,h,SA,Agent_3,Northern Victoria,3465,1.6,Council_6,0,3,,779.7,,1928,539360
Suburb_7,1,h,S,Agent_9,Northern Victoria,12504,1,Council_7,0,2,1,461.5,124.5,,387998
Suburb_12,5,h,VB,Agent_15,Southern Metro,10552,13,Council_9,5,2,1,1459.7,201.3,,870886
Suburb_38,5,h,SA,Agent_17,Northern Victoria,13162,3.2,Council_3,6,2,2,225.4,,,843643
Suburb_40,1,h,SP,Agent_12,Northern Victoria,10671,5.1,Council_15,0,1,3,849.6,,1924,413888
Suburb_24,1,h,S,Agent_3,Western Metro,7467,16.2,Council_12,2,1,0,,78.3,1964,318374
Suburb_18,4,h,SA,Agent_20,Eastern Victoria,4780,1.6,Council_18,5,2,3,426.8,,1981,806779
Suburb_14,3,u,PI,Agent_24,South-Eastern Metro,14792,9.6,Council_15,4,3,1,95.7,63.5,2009,686117
Suburb_25,2,h,S,Agent_23,Northern Victoria,11137,10.9,Council_4,3,2,0,,,,442511
Suburb_24,4,t,SA,Agent_19,South-Eastern Metro,13184,5.6,Council_2,3,2,,,,1996,732369
Suburb_12,2,h,VB,Agent_11,Eastern Victoria,8982,8.7,Council_9,2,2,1,407.7,133.8,1967,528508
Suburb_1,1,u,S,Agent_22,Northern Victoria,7901,5.5,Council_11,2,2,2,,164.5,,440430
Suburb_7,2,u,SP,Agent_13,Eastern Metro,997,17.1,Council_6,3,1,2,,,1912,305901
Suburb_39,5,u,S,Agent_4,Eastern Victoria,1504,11,Council_17,5,2,0,598.1,,,950824
Suburb_17,4,u,SA,Agent_22,South-Eastern Metro,10748,9.3,Council_13,,3,1,746.2,77.9,,612749
Suburb_20,1,u,S,Agent_9,Western Victoria,3755,15.7,Council_16,2,1,0,55,134.8,1948,170667
Suburb_19,3,h,VB,Agent_24,Southern Metro,1689,6.9,Council_3,2,3,1,275.5,,2008,876811
Suburb_32,5,h,PI,Agent_10,Western Metro,11757,7.6,Council_18,6,3,2,,,1986,977714
Suburb_3,5,h,PI,Agent_22,Western Victoria,9497,28.1,Council_5,4,1,3,689,133.7,2001,567599
Suburb_4,4,h,SA,Agent_14,Northern Victoria,2111,7.7,Council_10,4,2,0,926.4,183.1,,814096
Suburb_12,1,h,SA,Agent_12,Western Victoria,7748,9.4,Council_10,0,3,2,435.2,202.7,,541880
Suburb_20,2,h,S,Agent_8,Northern Metro,7312,7.1,Council_18,3,2,1,405.1,,1920,702913
Suburb_27,2,h,S,Agent_21,Northern Metro,553,3.7,Council_6,1,3,1,,,,739259
Suburb_20,1,h,S,Agent_2,Eastern Victoria,9270,7,Council_6,1,3,2,,,,428434
Suburb_18,1,h,VB,Agent_12,Eastern Metro,6251,6.5,Council_8,2,2,0,410.9,232.8,1980,383005
Suburb_38,2,h,PI,Agent_10,Northern Victoria,13236,6,Council_8,3,3,3,417.8,,,603286
Suburb_7,3,u,S,Agent_14,Western Metro,2178,7.2,Council_4,2,3,1,471.8,291.6,2014,
Suburb_23,2,u,SP,Agent_7,Western Metro,12783,15.2,Council_4,3,3,0,665.5,113.1,1954,507103
Suburb_22,3,h,PI,Agent_17,Western Victoria,593,5.5,Council_5,3,3,3,,,1922,603495
Suburb_19,2,h,VB,Agent_10,Northern Metro,11582,11.5,Council_10,3,1,3,268.4,,1921,569617
Suburb_33,1,h,SP,Agent_5,Eastern Victoria,11847,17.4,Council_8,1,1,2,,230.4,1983,477818
Suburb_11,5,h,SA,Agent_5,Western Victoria,6411,11.1,Council_9,4,1,,,,1989,771327
Suburb_39,3,u,SA,Agent_18,South-Eastern Metro,4568,7.3,Council_16,2,1,0,318.9,200.7,1924,456783
Suburb_14,2,h,VB,Agent_7,Western Metro,2562,3,Council_6,,3,1,154.6,235.6,1983,769847
Suburb_22,5,t,PI,Agent_8,Southern Metro,5429,3.3,Council_20,6,2,1,861,,,779206
Suburb_21,5,h,SA,Agent_16,South-Eastern Metro,10209,8.6,Council_16,6,2,3,367.7,140.2,,
Suburb_34,5,u,VB,Agent_9,Western Metro,11010,10.5,Council_4,5,1,1,331.8,21.5,2016,561248
Suburb_18,1,h,PI,Agent_10,Southern Metro,3128,4.1,Council_7,2,3,2,485.4,139.3,,359756
Suburb_12,4,h,PI,Agent_7,Eastern Metro,661,5.3,Council_4,3,2,1,,101,1948,
Suburb_1,5,u,SA,Agent_9,Western Victoria,8639,11.6,Council_6,6,3,2,379.2,136.9,,825808
Suburb_15,5,h,PI,Agent_18,Eastern Metro,8921,10.5,Council_8,4,1,0,529.1,325.4,1942,831939
Suburb_34,2,u,S,Agent_14,Southern Metro,14719,8.1,Council_3,1,1,2,373.4,253.1,,
Suburb_1,5,h,SA,Agent_25,South-Eastern Metro,11539,8.8,Council_1,6,1,0,371.2,,1954,750357
Suburb_36,3,h,S,Agent_20,Southern Metro,8479,3.8,Council_10,3,1,2,,,1940,757652
Suburb_22,3,h,VB,Agent_1,Western Victoria,9081,11.8,Council_15,2,3,0,153.9,,1924,593384
Suburb_6,3,u,VB,Agent_10,Eastern Victoria,9860,15.1,Council_7,4,2,3,518.2,,1944,572556
Suburb_13,4,h,PI,Agent_8,Western Victoria,7050,23,Council_19,3,2,3,,,,659873
Suburb_23,1,u,S,Agent_15,Western Victoria,10324,9.5,Council_8,2,1,2,71.6,,2006,351793
Suburb_13,3,u,PI,Agent_7,Southern Metro,3333,15.4,Council_19,2,1,,728,,1958,451204
Suburb_5,5,u,SA,Agent_25,Southern Metro,12540,3.1,Council_5,4,3,3,729.2,,1949,740738
Suburb_27,3,h,SP,Agent_8,Eastern Metro,12994,9.4,Council_12,2,3,0,,160.3,,768006
Suburb_27,2,u,VB,Agent_14,Western Metro,6807,8.1,Council_17,2,,2,,156,,744252
Suburb_5,1,t,SA,Agent_4,Western Victoria,7121,7.1,Council_2,0,3,1,691.1,,,243834
Suburb_12,3,h,SA,Agent_23,South-Eastern Metro,7713,13.4,Council_20,2,2,3,1155.5,,2004,653684
Suburb_10,4,h,PI,Agent_23,South-Eastern Metro,12351,11.2,Council_8,5,1,3,,144.6,1950,556065
Suburb_27,3,h,SP,Agent_20,Western Victoria,3051,2.7,Council_11,3,3,3,,203.2,1951,816873
Suburb_30,5,h,VB,Agent_9,South-Eastern Metro,5452,11.5,Council_14,5,3,1,39.8,145.4,,860227
Suburb_30,4,u,PI,Agent_2,Western Metro,9412,6.2,Council_14,3,2,0,,247.4,,720134
Suburb_38,3,h,VB,Agent_18,Western Metro,10554,8.9,Council_1,2,1,0,1030.6,108.3,,537917
Suburb_31,1,h,VB,Agent_11,Northern Victoria,4788,6.9,Council_19,0,,0,,161.6,,639423
Suburb_13,3,h,VB,Agent_25,Northern Metro,2199,3.7,Council_14,4,3,3,,,1920,690880
Suburb_5,1,h,SP,Agent_18,South-Eastern Metro,7860,4,Council_21,0,1,,,185.3,1943,333409
Suburb_25,4,h,VB,Agent_14,South-Eastern Metro,9759,3.4,Council_10,3,1,1,,103.1,,598711
Suburb_37,1,u,PI,Agent_25,South-Eastern Metro,11615,7.2,Council_13,2,3,1,,265.6,,518781
Suburb_40,5,h,SA,Agent_21,Northern Victoria,543,13.1,Council_10,5,1,0,,,1914,732458
Suburb_10,2,h,VB,Agent_12,Eastern Victoria,754,14.4,Council_19,,3,2,,252.9,1967,512501
Suburb_10,3,u,SA,Agent_1,Western Victoria,6104,7.9,Council_18,3,3,1,,155.4,1959,611481
Suburb_2,1,h,SA,Agent_3,Northern Victoria,8676,8,Council_20,2,1,3,636.3,183.1,2014,328738
Suburb_6,2,h,SA,Agent_12,Western Metro,551,6.1,Council_11,3,1,0,438.5,230.1,1990,422536
Suburb_23,5,h,VB,Agent_15,Northern Metro,3014,4.6,Council_17,5,2,3,,201.5,,1016723
Suburb_22,2,t,PI,Agent_1,Eastern Victoria,6574,5.5,Council_8,3,2,0,,,,358199
Suburb_15,3,u,S,Agent_4,Western Victoria,4551,8.3,Council_10,3,3,1,247.7,,1975,850804
Suburb_13,5,h,SP,Agent_18,South-Eastern Metro,10802,3.6,Council_16,6,2,1,531.5,262,,954978
Suburb_34,4,h,PI,Agent_19,Eastern Victoria,1003,5.3,Council_2,4,1,2,,,1933,
Suburb_19,1,h,VB,Agent_1,Eastern Victoria,13380,3,Council_15,,3,2,409.2,,1944,539562
Suburb_33,2,h,PI,Agent_13,Eastern Victoria,2957,8,Council_1,2,3,0,,173.1,,700827
Suburb_39,2,h,PI,Agent_3,Northern Victoria,6889,6.3,Council_13,2,2,1,,,1964,409118
Suburb_13,2,t,S,Agent_19,Northern Metro,14806,19.1,Council_11,2,3,2,334.7,96.4,1956,438544
Suburb_9,2,u,VB,Agent_21,Northern Metro,10108,3.1,Council_10,3,3,1,201.2,,1995,768083
Suburb_39,3,h,PI,Agent_22,Southern Metro,14978,7,Council_11,4,,0,0,32.7,1932,570154
Suburb_26,2,u,S,Agent_15,Western Metro,785,5.7,Council_11,3,3,0,543.4,125.1,1926,500076
Suburb_12,2,t,SP,Agent_16,South-Eastern Metro,10937,14.6,Council_9,3,2,2,410,134.2,2018,461584
Suburb_25,3,h,SA,Agent_24,Western Metro,1597,4.9,Council_10,2,1,1,,,1996,558022
Suburb_21,2,h,S,Agent_16,Northern Metro,9371,11.2,Council_12,3,2,2,518.8,194.9,1950,601548
Suburb_37,2,t,PI,Agent_12,Southern Metro,5226,3.6,Council_17,3,3,0,,136.9,2013,753528
Suburb_11,3,h,PI,Agent_19,Western Victoria,11766,11.3,Council_12,2,3,2,361.7,111.9,,671187
Suburb_40,5,u,S,Agent_15,Western Victoria,2303,7.2,Council_14,6,3,0,0,130.5,1981,962855
Suburb_38,3,h,S,Agent_22,Western Metro,13500,3.7,Council_18,3,2,2,704.8,,1904,668739
Suburb_8,3,h,SA,Agent_14,Eastern Victoria,7471,5.1,Council_21,2,2,3,130.1,,,736581
Suburb_7,5,u,PI,Agent_22,South-Eastern Metro,8029,11.2,Council_3,4,1,1,519,,,884689
Suburb_22,4,h,SP,Agent_2,Western Victoria,8781,7.9,Council_15,4,,0,257.5,157.5,,726194
Suburb_2,2,h,S,Agent_1,Western Victoria,1011,4.6,Council_5,1,1,0,,147,1997,509935
Suburb_12,2,h,PI,Agent_3,South-Eastern Metro,5000,6.4,Council_5,3,3,1,,81.6,1924,420724
Suburb_18,3,h,VB,Agent_14,Western Metro,10786,8.1,Council_17,4,3,0,659.5,132.7,1957,755656
Suburb_39,3,h,VB,Agent_18,South-Eastern Metro,14431,1.7,Council_2,4,1,3,839,,2010,611273
Suburb_40,1,h,S,Agent_6,Eastern Metro,14776,5.6,Council_18,1,2,3,599.1,184.3,,472781
Suburb_7,1,h,VB,Agent_4,Eastern Metro,8267,13.3,Council_17,1,2,3,,,1953,160900
Suburb_36,2,h,SA,Agent_22,Northern Victoria,4241,14.6,Council_21,3,1,3,0,190.6,,561093
Suburb_4,5,h,SP,Agent_19,Northern Victoria,7424,5.6,Council_15,6,2,2,404.7,,1934,747192
Suburb_30,4,u,S,Agent_17,Northern Victoria,7220,11.3,Council_19,3,,1,432.5,,,674597
Suburb_34,5,h,SA,Agent_13,Western Metro,6259,7.6,Council_3,5,3,1,867.1,,1940,699393
Suburb_36,1,h,PI,Agent_11,Western Metro,5738,12.2,Council_19,2,3,,348.1,,,679281
Suburb_9,3,h,VB,Agent_1,Northern Metro,13090,7.3,Council_4,4,1,3,,,2019,705084
Suburb_36,3,h,SP,Agent_5,Northern Victoria,6161,11.3,Council_7,4,2,1,,,1974,780407
Suburb_5,3,u,SP,Agent_23,Northern Victoria,924,6.1,Council_3,,3,1,,,,
Suburb_21,3,h,SP,Agent_9,Western Victoria,10960,2.8,Council_9,3,3,2,459.9,132.8,,774351
Suburb_19,2,h,SP,Agent_18,Northern Victoria,10143,7.9,Council_16,1,3,1,748.3,284.1,,587840
Suburb_13,1,t,PI,Agent_18,Western Metro,5986,6.2,Council_6,2,3,1,0,119.3,1969,455412
Suburb_1,5,u,S,Agent_8,Northern Metro,9634,7.3,Council_18,5,1,0,15.8,,2011,775695
Suburb_31,5,u,SA,Agent_6,Southern Metro,14145,11.8,Council_13,4,3,0,0,140,,863616
Suburb_14,1,u,PI,Agent_18,Eastern Metro,13904,22.9,Council_14,0,,,735.8,135.1,1990,264583
Suburb_27,3,t,SA,Agent_3,Western Metro,11950,17.2,Council_20,4,3,1,,101.5,2003,476088
Suburb_17,3,h,PI,Agent_13,Eastern Metro,8958,7.1,Council_10,4,3,3,769,306.1,,693155
Suburb_15,4,h,SP,Agent_23,Western Metro,900,4.6,Council_8,5,1,1,296.8,169.1,,677301
Suburb_36,5,h,PI,Agent_18,Eastern Victoria,7927,8.4,Council_21,6,1,2,,,,952173
Suburb_4,3,h,S,Agent_20,Southern Metro,12368,6.8,Council_12,,2,1,463.7,,,808227
Suburb_30,4,h,SA,Agent_3,Eastern Metro,12750,18.5,Council_13,5,2,1,933.1,,,483909
Suburb_30,5,h,VB,Agent_5,Southern Metro,11706,19.8,Council_7,6,1,0,1008.1,211.5,1976,831202
Suburb_16,5,u,S,Agent_7,Eastern Metro,14804,12.4,Council_5,6,1,2,738.1,49.4,1914,353720
Suburb_11,2,u,PI,Agent_8,South-Eastern Metro,7989,3.8,Council_4,2,,2,599.3,81.4,1937,573614
Suburb_1,5,u,PI,Agent_5,Northern Metro,2090,8,Council_5,6,2,1,900.6,135.2,,842345
Suburb_38,3,h,SP,Agent_25,Eastern Metro,7703,9.9,Council_5,4,1,2,,231.1,1921,450771
Suburb_38,1,h,S,Agent_5,Northern Metro,5121,7.6,Council_16,0,2,1,382.7,,1993,378975
Suburb_10,4,h,VB,Agent_18,Western Victoria,12615,7.6,Council_2,5,2,1,,,,756652
Suburb_2,5,h,SP,Agent_15,South-Eastern Metro,11768,8.7,Council_14,5,1,2,,151.7,,654145
Suburb_5,2,t,PI,Agent_16,Southern Metro,6659,29.4,Council_20,1,3,2,,227.8,1923,232883
Suburb_3,3,u,SP,Agent_6,Southern Metro,6129,5.5,Council_17,2,2,0,164.8,54.9,,691271
Suburb_34,2,t,VB,Agent_8,Northern Metro,2812,22.7,Council_9,1,1,1,,194.2,1927,345611
Suburb_36,1,u,S,Agent_16,Western Metro,1125,10.3,Council_2,2,1,1,,138.1,1907,352153
Suburb_7,5,t,SP,Agent_8,Eastern Victoria,5037,9.7,Council_18,6,3,3,928.9,,,920829
Suburb_30,1,h,PI,Agent_18,Northern Victoria,3994,6.9,Council_1,0,1,1,,,,
Suburb_8,3,h,PI,Agent_1,Western Victoria,4345,6,Council_15,3,1,3,,151.5,,532551
Suburb_15,1,h,VB,Agent_2,Eastern Metro,14977,1.9,Council_15,1,2,2,28.3,143.8,1977,498025
Suburb_24,4,h,S,Agent_19,Eastern Metro,10375,4.7,Council_5,4,2,0,,89.9,,550127
Suburb_29,5,h,PI,Agent_16,Western Metro,8495,2.3,Council_16,5,1,1,313.8,,2001,861910
Suburb_35,4,h,VB,Agent_2,Southern Metro,3093,2.2,Council_4,,2,3,,,1907,819912
Suburb_2,4,t,SP,Agent_23,Western Victoria,12696,3.4,Council_5,4,1,1,567.7,,1952,546908
Suburb_8,5,h,S,Agent_1,Southern Metro,9849,15.1,Council_18,5,2,2,426.9,,,607682
Suburb_12,5,t,SA,Agent_24,Western Metro,7964,15.1,Council_21,5,1,3,262.2,130.2,,
Suburb_13,5,u,VB,Agent_19,Northern Victoria,7256,4.8,Council_6,5,2,2,87.2,36.9,1951,
Suburb_40,2,h,VB,Agent_25,Northern Metro,8512,2.8,Council_20,3,3,0,839.8,,1964,595445
Suburb_32,3,u,VB,Agent_24,Western Metro,12675,5.8,Council_20,3,3,1,,,1999,752436
Suburb_13,5,h,VB,Agent_8,Western Metro,10941,11.4,Council_17,6,1,1,,,,877256
Suburb_39,2,h,VB,Agent_19,Eastern Metro,7532,13.4,Council_3,2,1,1,619,144.8,,464214
Suburb_20,4,h,PI,Agent_6,Southern Metro,10180,8.7,Council_7,5,1,3,,164.6,2010,639498
Suburb_21,1,t,S,Agent_12,Northern Metro,13982,9.6,Council_15,2,2,0,,100.3,,520492
Suburb_18,5,h,PI,Agent_7,Northern Metro,5230,9,Council_21,6,2,2,639.5,,1914,996992
Suburb_6,4,h,SP,Agent_13,Western Metro,13556,2.4,Council_18,4,3,3,389.1,,1972,828069
Suburb_38,4,u,VB,Agent_22,Northern Metro,9298,3,Council_9,4,3,3,332.3,,,830695
Suburb_1,5,u,PI,Agent_11,Western Victoria,3186,19,Council_5,5,3,2,169,305.4,1936,902016
Suburb_7,2,h,SA,Agent_3,Southern Metro,14520,8.6,Council_21,2,1,3,,,1970,488078
Suburb_10,3,h,PI,Agent_9,South-Eastern Metro,10449,1.5,Council_6,4,1,1,,,,
Suburb_12,5,h,PI,Agent_20,South-Eastern Metro,6096,9.9,Council_8,6,3,2,,,1917,761625
Suburb_6,1,u,SA,Agent_14,Western Metro,3612,4.1,Council_21,2,3,2,,136.8,,268253
Suburb_1,5,h,PI,Agent_15,Western Victoria,13778,14,Council_12,6,1,,552.9,288.7,1951,872169
Suburb_28,2,h,SP,Agent_11,Northern Metro,12437,13.1,Council_6,3,1,0,98.7,,1941,407949
Suburb_39,3,h,SP,Agent_8,Southern Metro,1145,11,Council_1,3,3,3,,98.4,2009,
Suburb_5,3,h,SA,Agent_15,Eastern Metro,9717,8.6,Council_10,2,2,0,,,1946,454402
Suburb_12,4,h,VB,Agent_16,Southern Metro,2161,15.9,Council_21,4,3,1,29.6,218.4,,721829
Suburb_21,5,h,S,Agent_23,Eastern Metro,4764,16.8,Council_10,6,2,2,403.3,,,785153
Suburb_38,2,h,PI,Agent_16,Eastern Metro,8736,4.2,Council_15,3,3,2,1212.5,120.9,,461594
Suburb_28,1,h,SP,Agent_25,Eastern Victoria,4112,11,Council_6,1,,2,0,37.5,,390245
Suburb_31,3,h,VB,Agent_21,Eastern Metro,7931,5.3,Council_17,4,1,3,126.9,82.3,,644013
Suburb_24,4,h,S,Agent_2,Western Victoria,6728,3.8,Council_17,3,1,3,565,,2017,720954
Suburb_17,4,u,VB,Agent_10,Eastern Victoria,8931,16.8,Council_13,,3,3,1030.8,191.3,1906,752872
Suburb_8,4,t,VB,Agent_10,Western Victoria,12110,12,Council_17,5,1,2,560.7,,,678682
Suburb_35,2,h,SP,Agent_1,Northern Metro,2750,9,Council_13,2,,3,710.6,,1932,575644
Suburb_33,5,t,S,Agent_5,Western Victoria,12044,4.5,Council_8,6,3,2,,,1900,935488
Suburb_2,1,h,VB,Agent_20,Northern Victoria,3724,17.1,Council_16,1,1,2,,147.8,,
Suburb_29,1,h,SP,Agent_9,Western Victoria,983,4.1,Council_18,1,1,3,524.7,,1990,377450
Suburb_4,1,u,SA,Agent_4,Eastern Metro,6973,3.5,Council_18,1,1,3,302.5,115.1,,467827
Suburb_30,5,u,VB,Agent_8,Western Victoria,4883,7.7,Council_5,6,2,0,717.3,132.9,1968,802472
Suburb_34,1,u,SA,Agent_7,Northern Victoria,3175,11.4,Council_15,0,2,3,,60.8,,255241
Suburb_6,4,h,PI,Agent_5,Northern Metro,6631,6.2,Council_1,3,3,2,,60.6,,703361
Suburb_18,5,u,SA,Agent_3,Western Metro,13098,48.4,Council_13,5,3,3,511.8,,,326964
Suburb_5,4,h,S,Agent_20,Southern Metro,8990,8.5,Council_12,3,2,2,435.6,,2011,803722
Suburb_23,5,h,SP,Agent_21,Western Victoria,11053,5.3,Council_8,5,3,3,,56.3,1972,809604
Suburb_38,1,h,S,Agent_13,Eastern Metro,2668,5.7,Council_21,1,1,1,,,1993,
Suburb_4,3,t,VB,Agent_16,Southern Metro,1599,20.3,Council_19,2,2,0,859.6,,1962,
Suburb_16,3,h,PI,Agent_23,Northern Victoria,5361,7.2,Council_1,3,1,0,437.4,254.2,,
Suburb_39,4,u,SP,Agent_22,Western Metro,11729,16.5,Council_5,4,1,1,583.5,,1962,578541
Suburb_13,4,h,SP,Agent_1,Northern Metro,13341,2.2,Council_5,5,3,0,236.1,,,673575
Suburb_6,3,u,VB,Agent_24,Eastern Victoria,1975,14.2,Council_19,2,1,1,491.3,227,,475342
Suburb_20,2,u,S,Agent_2,Eastern Victoria,7409,4.6,Council_11,3,2,0,88.4,234.1,,552946
Suburb_21,1,u,PI,Agent_1,South-Eastern Metro,6249,12.2,Council_16,1,2,0,530,,1941,306542
Suburb_27,3,h,VB,Agent_11,Northern Victoria,11290,4.6,Council_18,4,1,2,611.2,,1954,634261
Suburb_13,2,h,SP,Agent_19,Western Metro,3479,5.9,Council_17,1,3,3,596.2,95.7,1975,480328
Suburb_39,3,h,SP,Agent_3,Northern Victoria,7529,3.7,Council_2,2,1,0,,142.8,1919,595915
Suburb_21,4,h,SP,Agent_8,Northern Victoria,12822,12.3,Council_3,4,1,2,,,,624162
Suburb_12,3,h,PI,Agent_7,Southern Metro,7242,13.4,Council_9,3,2,2,661.2,,1918,778731
Suburb_39,3,h,SP,Agent_10,Northern Metro,11828,4.7,Council_8,3,1,2,436.6,,1924,397090
Suburb_37,1,h,SP,Agent_25,Eastern Metro,9517,2.6,Council_16,0,3,0,413.8,,2016,554746
Suburb_20,4,h,PI,Agent_9,Western Metro,9162,16.4,Council_4,4,1,2,,192.2,,743061
Suburb_1,3,h,S,Agent_6,Southern Metro,4260,5.1,Council_8,4,1,0,214.7,,1968,581799
Suburb_24,1,t,PI,Agent_4,Northern Metro,14891,7,Council_5,2,1,0,824.1,,1952,305176
Suburb_23,2,h,S,Agent_5,Eastern Victoria,4122,4.2,Council_4,,1,1,153.6,94.2,1931,550945
Suburb_6,4,t,S,Agent_4,Eastern Metro,13999,11.6,Council_4,4,1,3,696.4,113.4,,403521
Suburb_26,5,t,SP,Agent_15,Northern Victoria,14845,11.8,Council_5,5,2,0,712.4,,1993,751252
Suburb_34,3,h,SP,Agent_11,Northern Victoria,7915,17.9,Council_12,3,1,3,346.9,81.6,1901,388328
Suburb_5,5,u,S,Agent_13,South-Eastern Metro,13100,14.4,Council_9,6,1,3,134.8,,2005,501594
Suburb_29,1,h,SA,Agent_21,South-Eastern Metro,10868,13.8,Council_10,1,1,3,0,152.8,1922,571740
Suburb_6,2,u,SP,Agent_15,Eastern Metro,11197,7.4,Council_11,3,1,1,315.5,,,301063
Suburb_30,5,h,SA,Agent_4,Eastern Victoria,1493,6.9,Council_16,6,2,0,657.9,106.1,2015,884894
Suburb_17,1,h,SA,Agent_10,Eastern Metro,2488,11.5,Council_19,0,3,0,176.7,,2011,331203
Suburb_1,4,h,SA,Agent_8,Eastern Victoria,1509,7.2,Council_12,5,1,3,529.1,,,762789
Suburb_39,2,h,SA,Agent_21,Western Metro,938,14.7,Council_14,1,3,0,,118.8,2008,405295
Suburb_7,2,t,S,Agent_8,Northern Metro,12621,4,Council_16,2,3,2,429.8,,,687586
Suburb_24,3,u,SP,Agent_4,Eastern Victoria,3043,2.1,Council_15,3,,,155.9,177.4,,685760
Suburb_8,2,u,VB,Agent_19,Northern Metro,591,10.8,Council_3,2,2,3,,280.4,2007,
Suburb_38,5,t,PI,Agent_11,Eastern Victoria,14097,5.5,Council_21,5,2,2,,166.7,,878849
Suburb_30,5,u,S,Agent_3,Northern Metro,4541,3.6,Council_4,4,2,2,,,2000,886502
Suburb_33,3,h,PI,Agent_18,Southern Metro,12336,24.2,Council_9,2,1,3,,219.8,2011,473124
Suburb_18,3,u,SA,Agent_6,Northern Victoria,14427,7.8,Council_14,4,2,3,219.8,137.8,1976,547371
Suburb_19,1,h,SA,Agent_22,Western Victoria,8084,3,Council_9,2,1,1,105.8,,1914,544238
Suburb_26,2,h,SP,Agent_21,Western Metro,13937,5.1,Council_6,,3,2,824.8,,1925,686614
Suburb_32,1,h,SP,Agent_10,Northern Metro,14547,6.5,Council_20,1,2,2,,,1920,429609
Suburb_34,5,t,SP,Agent_14,Southern Metro,2592,10.6,Council_2,6,1,3,0,193.3,1963,736758
Suburb_1,2,h,SP,Agent_15,Western Victoria,2625,5.1,Council_6,2,2,1,,114.4,,498524
Suburb_27,2,h,SP,Agent_17,South-Eastern Metro,5864,7.1,Council_21,1,3,1,774.4,,,
Suburb_5,5,h,SP,Agent_2,Northern Metro,8607,9.2,Council_16,4,3,3,,,,786523
Suburb_12,4,h,PI,Agent_9,Western Metro,11897,10.2,Council_2,3,1,3,,216.8,1919,736516
Suburb_34,4,h,S,Agent_5,Eastern Metro,3156,7.4,Council_16,4,3,2,243,203.7,1973,670780
Suburb_11,1,u,SP,Agent_18,Southern Metro,3304,20.1,Council_21,,1,0,651,154.5,,422337
Suburb_32,3,u,SP,Agent_2,Eastern Victoria,4943,11.7,Council_3,2,1,1,811,,2008,749824
Suburb_19,3,h,S,Agent_13,Northern Victoria,4435,11.3,Council_9,3,,1,,,,657257
Suburb_10,2,h,SA,Agent_19,Southern Metro,14131,11.1,Council_10,1,3,2,87.7,53.6,1958,443181
Suburb_14,4,h,VB,Agent_24,South-Eastern Metro,6241,14.7,Council_3,4,3,2,217.3,65.1,,753476
Suburb_22,5,h,SA,Agent_8,Western Metro,13090,8.8,Council_5,5,2,3,851,,1966,628502
Suburb_31,2,h,PI,Agent_1,Northern Metro,1310,3.9,Council_4,1,3,0,,145.4,,
Suburb_25,2,u,S,Agent_19,Western Metro,1976,9.9,Council_4,2,1,1,792.7,,1950,362651
Suburb_38,2,h,SA,Agent_1,Southern Metro,12152,10.7,Council_9,1,1,2,370.9,117.4,,
Suburb_35,5,h,PI,Agent_2,Southern Metro,4118,16,Council_10,6,3,3,542.4,,1984,881569
Suburb_31,1,h,VB,Agent_25,Western Victoria,1698,3.7,Council_5,2,3,0,,,1961,488440
Suburb_25,5,h,SP,Agent_22,South-Eastern Metro,9120,4.3,Council_7,6,1,3,317.5,178.3,1912,715217
Suburb_12,4,h,PI,Agent_18,Southern Metro,2635,8,Council_5,5,1,0,237.4,144.2,2016,651815
Suburb_17,3,t,PI,Agent_21,Eastern Victoria,1389,11.3,Council_17,2,2,0,567.7,,,746540
Suburb_5,3,u,SP,Agent_2,Northern Victoria,6388,3.2,Council_5,4,1,3,528,,1942,357469
Suburb_15,5,t,PI,Agent_3,Eastern Victoria,8476,3.7,Council_20,4,3,3,,,1976,905301
Suburb_38,4,t,VB,Agent_8,South-Eastern Metro,8146,12.8,Council_12,,3,3,352.8,62.5,,598102
Suburb_18,2,h,S,Agent_1,Eastern Metro,8975,3.3,Council_17,3,1,2,220.9,57.3,,400338
Suburb_5,1,t,S,Agent_23,Northern Victoria,842,4.3,Council_14,2,1,2,,331.6,1948,475535
Suburb_27,4,h,SA,Agent_2,Northern Victoria,4719,13.3,Council_6,5,3,2,191.1,238.7,1948,629342
Suburb_39,1,h,PI,Agent_14,South-Eastern Metro,5480,11.2,Council_13,2,2,2,823.5,,2017,424843
Suburb_35,1,h,SA,Agent_22,Southern Metro,4750,5.1,Council_6,2,1,2,,,,386352
Suburb_11,5,h,VB,Agent_19,Eastern Metro,8606,10.4,Council_3,4,1,1,402.2,150.6,2002,763096
Suburb_19,3,h,VB,Agent_6,Southern Metro,3821,9.3,Council_6,2,3,3,638.7,,,586565
Suburb_22,4,h,SA,Agent_12,Eastern Metro,9663,7.2,Council_6,5,3,1,477.1,,1979,604688
Suburb_10,2,u,VB,Agent_14,Southern Metro,14067,6.1,Council_3,1,1,2,,114.7,,630943
Suburb_11,1,u,SP,Agent_20,Northern Metro,10080,10.2,Council_1,1,3,2,181.6,,,649474
Suburb_10,1,h,PI,Agent_11,Western Victoria,6138,3.5,Council_20,0,1,2,817.3,200.4,1950,353001
Suburb_40,2,h,SP,Agent_8,Northern Metro,6803,10.1,Council_11,2,1,2,,91.8,,441143
Suburb_30,1,u,SP,Agent_20,Western Victoria,8986,8.8,Council_9,2,2,0,,,,316490
Suburb_34,3,h,VB,Agent_23,Northern Metro,10997,9.2,Council_20,4,2,1,,,1971,714310
Suburb_33,2,h,S,Agent_13,Eastern Victoria,4872,4.2,Council_5,2,3,1,,115.7,,552326
Suburb_39,3,h,VB,Agent_1,Eastern Metro,1056,16.3,Council_9,3,3,1,237.7,154.8,1980,378932
Suburb_5,3,h,PI,Agent_13,Northern Victoria,10688,5.1,Council_18,3,1,3,156.5,174.1,,450515
Suburb_36,2,h,SP,Agent_23,Eastern Metro,10092,5.7,Council_14,2,2,3,800,173.5,2016,555795
Suburb_3,3,u,S,Agent_25,Western Metro,1970,7,Council_9,3,3,2,0,,1926,761398
Suburb_20,1,u,VB,Agent_11,Western Metro,9585,11.2,Council_6,2,2,1,,,1970,264221
Suburb_24,2,u,SA,Agent_4,Northern Victoria,1538,9,Council_1,1,1,0,536,116.9,,520087
Suburb_15,5,h,VB,Agent_15,Western Metro,9824,2.5,Council_2,5,1,3,,,1983,782986
Suburb_6,5,u,PI,Agent_21,Northern Victoria,11292,7.8,Council_4,5,2,3,666.2,,1915,
Suburb_8,3,u,VB,Agent_24,Eastern Victoria,725,8.2,Council_17,3,2,1,246.2,143.1,1991,635881
Suburb_33,5,h,PI,Agent_2,Western Metro,11036,16.5,Council_14,4,2,3,958.8,,1923,813106
Suburb_13,3,h,SP,Agent_8,Eastern Metro,2246,6.4,Council_10,2,1,3,,67.2,1949,405595
Suburb_13,1,h,SP,Agent_12,Southern Metro,4342,10.6,Council_17,1,1,2,579.6,,1985,392502
Suburb_37,5,h,SP,Agent_3,Eastern Metro,10720,30.5,Council_4,6,2,,,,1931,625135
Suburb_6,3,h,SA,Agent_23,Southern Metro,5648,14.9,Council_5,4,3,0,,39.8,1915,390750
Suburb_37,4,h,VB,Agent_3,Southern Metro,14667,4.1,Council_9,5,2,3,,133.8,,670464
Suburb_37,4,h,S,Agent_17,Western Victoria,14380,12,Council_20,5,2,2,345.8,248.8,1933,791137
Suburb_24,2,h,SA,Agent_23,Northern Metro,14810,10.1,Council_13,2,3,0,,183.1,,610337
Suburb_7,4,h,S,Agent_18,Western Metro,2012,6.3,Council_18,3,3,0,0,37.8,,742574
Suburb_7,3,t,PI,Agent_20,Eastern Victoria,3056,12.1,Council_6,3,3,3,600.5,189.5,1941,651741
Suburb_12,2,h,S,Agent_7,Western Victoria,3155,4,Council_18,3,2,1,376.4,105.1,,581845
Suburb_24,2,h,SP,Agent_21,Southern Metro,8987,5.2,Council_2,2,3,1,844.9,191.5,,650509
Suburb_7,4,h,VB,Agent_11,Southern Metro,6735,7.1,Council_5,5,,2,486.8,,,575441
Suburb_19,2,u,SA,Agent_2,Eastern Metro,11314,6.1,Council_11,1,2,1,,146.8,1929,
Suburb_5,1,h,SA,Agent_10,Northern Victoria,4590,11.4,Council_2,,,3,652.3,,,384234
Suburb_22,5,t,SA,Agent_9,Western Victoria,3396,7.6,Council_19,4,3,2,461.7,150.2,1994,786704
Suburb_1,2,h,SP,Agent_14,Southern Metro,9910,5.7,Council_19,1,,1,736.3,,,
Suburb_29,4,h,S,Agent_7,Southern Metro,9450,14.8,Council_12,4,1,1,,,1998,788591
Suburb_3,4,h,SA,Agent_12,Eastern Metro,10513,11.1,Council_7,4,3,3,,,1975,765712
Suburb_8,5,h,SA,Agent_11,Eastern Victoria,5024,2.9,Council_3,5,1,2,0,179.4,1980,
Suburb_7,4,u,SP,Agent_9,Northern Metro,8132,2.9,Council_13,3,2,3,,160.5,1945,619306
Suburb_34,4,u,S,Agent_18,Western Metro,13961,5.8,Council_12,4,3,1,,53,1928,640748
Suburb_3,5,h,VB,Agent_8,Northern Metro,9362,3.2,Council_16,4,2,0,123.2,,1983,1038156
Suburb_18,5,t,S,Agent_20,Southern Metro,14021,13.5,Council_13,,1,3,,139.4,1906,560841
Suburb_24,1,h,S,Agent_7,Western Victoria,6784,5.4,Council_3,0,2,0,,159.7,,584592
Suburb_21,4,h,SA,Agent_22,Northern Metro,1150,10.6,Council_3,3,2,,282.3,,1916,872890
Suburb_28,1,h,PI,Agent_10,Eastern Metro,11525,11.9,Council_17,0,2,2,0,169.7,1900,
Suburb_33,5,h,S,Agent_2,Western Victoria,7176,1.9,Council_4,4,1,0,329.3,,1900,818521
Suburb_16,1,u,VB,Agent_4,Northern Victoria,1110,5.5,Council_20,1,2,3,1123.4,,1911,270543
Suburb_34,2,h,SP,Agent_21,Northern Metro,2511,6.9,Council_3,2,1,0,241,212.1,,549218
Suburb_13,1,h,PI,Agent_22,Western Metro,5036,9.2,Council_16,1,2,1,261.7,,1992,448704
Suburb_40,4,h,SA,Agent_6,Western Victoria,3269,13,Council_21,4,3,1,200.7,180.5,2018,
Suburb_21,1,h,SP,Agent_16,Western Metro,10424,24.8,Council_10,0,3,2,864.4,,1910,284109
Suburb_30,1,h,VB,Agent_15,Northern Victoria,9361,19,Council_2,0,2,2,,,2019,231009
Suburb_36,3,u,SA,Agent_4,Northern Victoria,5279,7.6,Council_19,4,3,,312.2,193.3,1971,
Suburb_32,5,h,PI,Agent_12,South-Eastern Metro,1727,7.5,Council_4,6,1,1,,,1995,690752
Suburb_35,3,h,SA,Agent_18,Southern Metro,1638,17.9,Council_12,2,3,2,673.8,,,592703
Suburb_22,3,h,PI,Agent_25,Eastern Victoria,14211,7.8,Council_21,2,2,0,224.2,,1931,
Suburb_2,4,h,PI,Agent_22,Western Victoria,5502,5.5,Council_16,3,3,2,,104.4,1988,636553
Suburb_20,3,h,SA,Agent_3,Southern Metro,2055,13.6,Council_1,2,3,,847.5,,,503857
Suburb_8,2,u,VB,Agent_6,Eastern Victoria,10816,9.5,Council_18,1,2,0,505,22.3,,399389
Suburb_36,3,t,SA,Agent_11,Eastern Victoria,13114,2.8,Council_4,3,2,2,35.3,57,,645868
Suburb_10,1,h,VB,Agent_4,South-Eastern Metro,2268,6.5,Council_16,2,3,0,0,269.1,1925,479235
Suburb_10,2,t,VB,Agent_15,Eastern Metro,14201,3.3,Council_14,3,1,3,,,1922,292825
Suburb_10,4,h,SP,Agent_1,Western Metro,11007,1.1,Council_7,5,,0,,264.2,2010,
Suburb_26,2,h,SP,Agent_3,Eastern Victoria,4154,20.4,Council_9,2,2,0,0,,1987,365974
Suburb_23,1,u,SA,Agent_2,Southern Metro,11744,8.5,Council_3,1,2,3,170.1,,1967,483203
Suburb_38,1,u,VB,Agent_8,Eastern Victoria,6589,6.6,Council_21,1,3,0,224.3,,1983,400364
Suburb_17,5,u,SP,Agent_20,Western Victoria,9711,5.7,Council_6,4,1,3,361.2,,,852199
Suburb_12,2,h,SP,Agent_5,South-Eastern Metro,2340,7.9,Council_7,2,2,1,,263.5,,623206
Suburb_2,1,h,VB,Agent_25,Eastern Metro,4041,5.7,Council_11,0,1,3,419.9,243.5,2013,397280
Suburb_1,4,h,S,Agent_7,Northern Victoria,11714,4.1,Council_15,4,1,3,449.7,166.5,2018,678319
Suburb_15,3,h,S,Agent_2,Northern Metro,12176,5.9,Council_11,2,3,,652.8,,1925,
Suburb_38,3,u,VB,Agent_9,Western Victoria,658,16.9,Council_11,4,,1,428.8,92.6,1996,413491
Suburb_21,5,h,SP,Agent_19,Eastern Metro,3609,13.4,Council_13,,3,2,620,,1953,514857
Suburb_36,2,h,VB,Agent_3,Northern Metro,9309,5.9,Council_19,3,1,3,584.2,226.7,1984,637785
Suburb_5,3,h,PI,Agent_2,Eastern Victoria,13634,21.6,Council_9,2,,,536.8,,1913,579436
Suburb_4,4,h,SA,Agent_22,South-Eastern Metro,10277,7.5,Council_18,3,,,,,,797780
Suburb_34,4,h,PI,Agent_15,Northern Victoria,10746,4.7,Council_17,5,1,1,773.3,131.8,1914,624450
Suburb_5,2,h,SA,Agent_9,Northern Metro,6135,9.7,Council_21,3,3,0,175.5,,,496159
Suburb_3,4,h,SA,Agent_19,Eastern Victoria,1293,18.4,Council_20,4,3,1,611.1,,1947,578629
Suburb_17,4,h,SP,Agent_22,South-Eastern Metro,11605,16.4,Council_17,3,2,0,,153.1,1931,629922
Suburb_37,1,h,SA,Agent_9,Eastern Victoria,12089,4.9,Council_6,1,2,3,,177.8,1983,481810
Suburb_28,1,h,VB,Agent_15,Eastern Victoria,6927,3.6,Council_17,1,1,3,,,,464133
Suburb_4,4,u,S,Agent_1,Southern Metro,7843,6.3,Council_16,5,3,0,167.7,111.8,,812184
Suburb_34,1,h,S,Agent_8,Southern Metro,3908,10.7,Council_7,1,3,2,603.2,107.2,1986,247079
Suburb_34,5,h,SP,Agent_15,Western Victoria,7063,12.4,Council_15,,3,2,,235,1982,784829
Suburb_33,1,h,S,Agent_5,Northern Victoria,4008,15.1,Council_6,2,3,2,,264.9,1958,479614
Suburb_37,5,t,SP,Agent_25,Western Metro,6597,8.7,Council_11,6,2,3,756.2,,1996,674650
Suburb_10,4,u,SA,Agent_25,Eastern Metro,2443,8.9,Council_17,3,3,2,612.1,133.9,1915,592290
Suburb_40,3,h,PI,Agent_7,South-Eastern Metro,9296,8.6,Council_4,2,1,2,551.7,114,2005,645739
Suburb_13,2,h,S,Agent_10,Eastern Victoria,4089,14,Council_8,1,3,0,348.9,150.1,1948,484026
Suburb_33,2,h,PI,Agent_5,Northern Metro,11006,12.5,Council_17,3,1,0,743.9,117,,
Suburb_24,4,t,SP,Agent_13,Northern Victoria,8007,4.8,Council_10,4,2,2,807.5,,,673813
Suburb_32,4,h,SA,Agent_4,Western Victoria,13491,11.7,Council_21,4,1,3,481.1,,,721161
Suburb_26,2,h,S,Agent_10,Eastern Metro,3706,13.5,Council_1,3,1,,464.9,,1997,388738
Suburb_26,3,t,VB,Agent_14,Eastern Metro,4457,14.1,Council_16,2,2,2,977.4,138.6,,464411
Suburb_25,5,u,PI,Agent_16,Western Victoria,4024,9.5,Council_18,4,2,,,138.9,1990,855142
Suburb_32,2,h,S,Agent_15,Northern Metro,9646,9.2,Council_20,3,1,1,522.7,130.9,,427421
Suburb_30,4,h,VB,Agent_6,Western Metro,2049,7.7,Council_4,4,3,3,645.3,123.5,2008,
Suburb_6,1,h,PI,Agent_20,Western Metro,10451,8.2,Council_21,0,1,2,470.7,195.7,1944,471810
Suburb_34,5,h,VB,Agent_18,Eastern Victoria,12376,19.8,Council_9,,3,0,,43.8,,779635
Suburb_22,1,h,VB,Agent_19,Southern Metro,10284,8.4,Council_8,0,1,3,,244.5,1984,371688
Suburb_13,2,t,VB,Agent_12,Western Metro,2452,5,Council_8,3,2,3,488.4,158.1,1930,519149
Suburb_21,3,t,PI,Agent_23,Southern Metro,7648,9.6,Council_14,4,1,1,,,1925,648821
Suburb_39,2,h,S,Agent_10,Eastern Victoria,8235,12.3,Council_14,3,3,1,736.5,193.5,,
Suburb_35,1,h,S,Agent_21,South-Eastern Metro,6169,13.8,Council_10,1,3,2,321.4,107.5,1977,525271
Suburb_34,4,h,PI,Agent_6,Western Metro,7261,4.1,Council_2,3,1,3,718.7,95.1,1914,655394
Suburb_19,1,h,SP,Agent_7,Western Metro,11554,17.5,Council_21,2,1,1,,,1915,291875
Suburb_32,5,u,VB,Agent_14,Southern Metro,12601,12,Council_5,5,2,0,892.8,135.2,1999,732345
Suburb_16,1,h,PI,Agent_14,Western Victoria,4850,17,Council_2,1,3,0,342.7,192,1920,347554
Suburb_28,2,h,SA,Agent_19,South-Eastern Metro,5282,3.1,Council_13,1,1,3,,115,1926,351814
Suburb_26,5,h,S,Agent_8,Eastern Metro,3516,14.4,Council_9,5,1,3,470.3,,,558241
Suburb_10,1,h,SP,Agent_22,Western Metro,6325,3.9,Council_13,1,2,3,517.5,,2003,213987
Suburb_11,1,h,VB,Agent_9,South-Eastern Metro,8414,6.7,Council_19,0,1,0,,,,474704
Suburb_3,4,u,S,Agent_14,South-Eastern Metro,10846,12.2,Council_3,5,1,0,,220,1979,808636
Suburb_6,1,u,SP,Agent_24,Western Metro,4380,3.7,Council_6,0,1,1,625.4,,1984,375260
Suburb_18,5,h,VB,Agent_14,Eastern Metro,3636,5.7,Council_11,6,2,0,,100.3,1972,648295
Suburb_20,3,u,PI,Agent_18,South-Eastern Metro,981,3.1,Council_17,4,3,1,,,,717785
Suburb_7,5,h,VB,Agent_23,South-Eastern Metro,1861,12,Council_13,5,2,2,376.4,,1927,609703
Suburb_17,2,u,PI,Agent_25,Northern Victoria,1247,4.7,Council_9,1,1,1,736.8,,1974,491930
Suburb_25,1,h,SA,Agent_13,Northern Metro,3506,8.1,Council_13,1,2,0,261.7,213.4,,425412
Suburb_10,5,h,SA,Agent_11,Western Metro,10577,10.2,Council_21,5,2,1,825.5,115,1987,642860
Suburb_14,4,t,SA,Agent_5,Northern Victoria,11725,9.5,Council_11,4,1,2,,122.1,,617956
Suburb_15,5,h,S,Agent_14,Western Victoria,14610,9,Council_19,4,1,2,877.2,20,1995,595819
Suburb_21,2,h,PI,Agent_23,Northern Victoria,8403,9,Council_17,2,1,1,613,,,457095
Suburb_15,3,h,S,Agent_13,Eastern Metro,7092,3.2,Council_7,2,3,1,,221.4,,810673
Suburb_30,3,h,SP,Agent_9,Northern Victoria,13541,6.9,Council_6,3,3,2,532.8,,,543842
Suburb_14,3,h,SP,Agent_3,Southern Metro,2632,9,Council_17,,1,0,,72.2,1909,
Suburb_18,2,h,VB,Agent_10,Northern Metro,9638,8.4,Council_5,2,1,3,332,112.2,1964,385255
Suburb_16,2,u,PI,Agent_6,South-Eastern Metro,12362,7.4,Council_8,3,2,3,899.9,148.2,,518569
Suburb_8,4,h,SA,Agent_25,Western Victoria,7787,5.1,Council_5,5,,,674,78.2,,588744
Suburb_28,1,h,SP,Agent_14,Eastern Victoria,4290,9.4,Council_13,2,3,3,,29.8,1989,463448
Suburb_10,2,h,VB,Agent_4,Northern Victoria,9502,10.5,Council_7,3,3,0,,140.4,1965,450348
Suburb_12,2,u,VB,Agent_2,Northern Metro,14936,6.1,Council_14,3,1,1,529.2,,,471375
Suburb_32,1,h,SA,Agent_22,Western Victoria,3921,13.9,Council_20,0,1,2,171.8,185.5,,320892
Suburb_38,1,h,SP,Agent_24,Western Metro,8667,17.7,Council_18,0,1,,250.9,202.5,1931,339444
Suburb_27,3,h,VB,Agent_20,Eastern Metro,1236,8.2,Council_20,3,2,0,946.3,,1914,
Suburb_37,1,u,S,Agent_4,Western Victoria,3873,4.8,Council_1,1,3,0,1047.5,153.5,,537457
Suburb_35,2,u,PI,Agent_3,South-Eastern Metro,11622,3.7,Council_10,3,2,2,802.8,,2008,631673
Suburb_20,3,h,PI,Agent_5,South-Eastern Metro,7692,6.7,Council_5,2,1,0,895.8,,1968,485725
Suburb_31,5,u,SA,Agent_19,Eastern Metro,3388,7.8,Council_20,4,1,1,,,,709773
Suburb_14,1,h,VB,Agent_20,Western Victoria,5363,3.5,Council_15,2,1,1,,,1943,439336
Suburb_19,3,h,SA,Agent_21,Western Metro,2253,6.5,Council_7,4,1,3,598.7,20,2003,549683
Suburb_22,1,h,SA,Agent_3,Northern Victoria,11802,13.5,Council_12,0,2,3,,219.7,1979,268813
Suburb_39,3,h,PI,Agent_4,Eastern Victoria,14171,1.7,Council_13,2,2,3,720.8,169.8,1992,560474
Suburb_34,3,h,VB,Agent_23,South-Eastern Metro,2034,8.5,Council_11,3,1,2,277.5,,,274710
Suburb_20,4,h,S,Agent_24,Southern Metro,3950,5.6,Council_10,4,1,2,719.6,178.4,2019,761530
Suburb_27,3,h,PI,Agent_19,Eastern Metro,12926,8,Council_2,2,3,1,,123.2,,
Suburb_9,5,h,S,Agent_3,Eastern Metro,13240,18.3,Council_10,5,3,0,438.1,,,612941
Suburb_33,1,h,VB,Agent_2,Western Victoria,11626,7.7,Council_8,2,2,3,406,,1930,352304
Suburb_23,1,u,SA,Agent_2,South-Eastern Metro,10868,7.1,Council_18,2,2,,643,,,724024
Suburb_22,1,u,VB,Agent_18,Eastern Metro,12989,11.6,Council_19,2,2,1,305.1,,1992,329261
Suburb_31,2,h,SA,Agent_22,South-Eastern Metro,5915,9.5,Council_16,2,2,0,105,,2011,
Suburb_26,1,h,SP,Agent_16,South-Eastern Metro,13477,8.5,Council_1,2,1,1,844.3,,1979,
Suburb_3,1,h,SA,Agent_7,Western Metro,13355,9.7,Council_18,0,2,2,364.7,139.3,,389153
Suburb_12,2,h,PI,Agent_19,Western Metro,3831,15.5,Council_9,1,3,1,,,,395043
Suburb_8,5,h,VB,Agent_2,Western Victoria,1558,13,Council_9,4,2,2,,191.5,,747881
Suburb_30,5,h,VB,Agent_21,Northern Victoria,8054,6.8,Council_20,,3,0,883,109.9,,843011
Suburb_2,1,u,VB,Agent_23,Southern Metro,11495,17.7,Council_19,1,2,0,756,121.9,,340455
Suburb_9,5,h,SP,Agent_18,South-Eastern Metro,12823,5.9,Council_2,4,1,3,427.8,,1936,742476
Suburb_24,2,h,VB,Agent_22,Northern Victoria,2565,8.5,Council_8,3,2,,,57.5,2003,431226
Suburb_28,3,h,VB,Agent_15,Northern Victoria,5972,9.1,Council_16,2,3,,395.9,163.3,2012,710262
Suburb_21,2,u,SA,Agent_12,South-Eastern Metro,11633,6.6,Council_12,2,2,1,671,,,508349
Suburb_35,3,h,PI,Agent_9,Western Victoria,1375,16.7,Council_6,2,2,2,556.6,201.3,1939,589604
Suburb_37,4,u,PI,Agent_24,Eastern Metro,10982,6.4,Council_12,3,1,2,,182.8,2010,616915
Suburb_6,4,h,PI,Agent_18,Western Metro,4728,7.4,Council_19,3,3,1,563.5,174.9,,675752
Suburb_39,3,h,S,Agent_5,Southern Metro,825,14,Council_5,2,2,3,727.6,53.6,1961,419788
Suburb_25,4,h,S,Agent_24,South-Eastern Metro,4007,6,Council_16,4,1,3,,143.8,1916,626734
Suburb_26,4,h,S,Agent_2,Western Metro,11256,3.4,Council_16,3,2,,635,79.4,1951,719383
Suburb_4,1,t,VB,Agent_15,Eastern Metro,13115,8.6,Council_19,0,1,2,,147.8,1903,395006
Suburb_25,2,h,PI,Agent_5,South-Eastern Metro,1678,4.1,Council_7,2,3,3,1266.2,20,1916,484554
Suburb_30,1,t,SA,Agent_17,Western Metro,7225,3.8,Council_5,1,3,1,414.8,,,324549
Suburb_24,4,h,VB,Agent_11,Western Metro,3417,1.7,Council_12,4,1,0,561.1,,,797007
Suburb_4,3,u,S,Agent_11,Western Metro,10411,1.9,Council_12,3,3,0,,172.1,,762178
Suburb_21,4,t,S,Agent_17,Eastern Metro,11819,2,Council_9,5,1,2,376.8,128.8,,627265
Suburb_38,3,h,SP,Agent_19,Southern Metro,14450,19,Council_17,,2,3,502.3,,1954,407552
Suburb_29,2,h,SA,Agent_10,Eastern Victoria,5646,2,Council_17,1,2,0,,84.9,,721233
Suburb_6,1,u,S,Agent_25,Northern Metro,4838,4.1,Council_6,2,1,2,,162,,442680
Suburb_39,5,h,S,Agent_13,Eastern Metro,4992,7.5,Council_17,5,3,1,631.6,,2001,820640
Suburb_39,2,t,S,Agent_5,South-Eastern Metro,11537,11.3,Council_5,2,3,1,5.2,,1905,557658
Suburb_7,1,h,PI,Agent_1,Southern Metro,6953,12,Council_9,2,2,2,1025.8,,1982,
Suburb_33,2,h,SA,Agent_6,South-Eastern Metro,830,4.8,Council_1,1,,,737.9,,,475461
Suburb_17,5,h,VB,Agent_18,South-Eastern Metro,14240,8.4,Council_8,5,3,0,,66.7,1993,892405
Suburb_24,2,u,PI,Agent_14,South-Eastern Metro,2009,7.3,Council_21,3,2,0,,128.4,1994,523558
Suburb_18,5,t,S,Agent_9,Eastern Metro,13958,8.1,Council_10,6,3,1,,160.6,1984,695161
Suburb_32,3,h,SP,Agent_13,Northern Metro,2847,8.8,Council_15,2,2,1,916.8,,,676859
Suburb_40,5,u,PI,Agent_21,Western Victoria,8302,10.1,Council_3,5,1,2,1745.4,,,776370
Suburb_32,4,t,SP,Agent_15,Eastern Metro,5030,5.6,Council_14,3,1,2,858.4,169.6,,707349
Suburb_38,1,h,VB,Agent_2,Eastern Victoria,10458,15.1,Council_8,,1,0,811.1,240.9,1984,371442
Suburb_38,3,h,SA,Agent_2,Southern Metro,6343,20.5,Council_16,2,,1,,158.7,,435816
Suburb_4,3,u,SP,Agent_13,Southern Metro,5826,6.4,Council_20,3,1,2,,,1927,791552
Suburb_11,2,h,SP,Agent_11,Eastern Victoria,7416,24.2,Council_12,3,1,1,798.6,187.3,,391716
Suburb_29,3,h,S,Agent_22,Western Victoria,14577,5.8,Council_3,3,3,2,169.6,215.1,1941,723202
Suburb_24,1,u,VB,Agent_15,Eastern Victoria,4057,8.5,Council_10,1,3,1,136.8,113.4,,468719
Suburb_3,4,h,PI,Agent_19,Eastern Victoria,3685,7.4,Council_3,5,1,1,,137.6,,613518
Suburb_4,5,t,SP,Agent_15,Southern Metro,1460,8.3,Council_10,5,1,0,792.7,,1920,934420
Suburb_21,1,u,SP,Agent_9,Western Victoria,11210,14.2,Council_2,2,3,,482.8,182.8,,383198
Suburb_25,3,u,S,Agent_17,South-Eastern Metro,10324,7.1,Council_14,3,2,0,530.3,197.5,1997,700080
Suburb_7,4,h,PI,Agent_16,Southern Metro,9327,3.7,Council_7,3,2,,495.4,,,786806
Suburb_7,1,h,VB,Agent_19,Southern Metro,843,5.5,Council_5,,3,0,,,,537004
Suburb_6,2,h,SP,Agent_5,Eastern Victoria,11963,7.1,Council_1,,2,2,298.8,,1995,484680
Suburb_23,2,h,S,Agent_17,Eastern Metro,12237,8.9,Council_19,2,3,3,313.9,,1911,518450
Suburb_1,1,u,PI,Agent_8,Eastern Victoria,14202,4.9,Council_18,2,2,2,,210.9,2018,617426
Suburb_23,5,h,VB,Agent_20,Southern Metro,13972,5.2,Council_18,4,2,2,348.7,,1991,1070872
Suburb_20,3,h,SP,Agent_20,Eastern Metro,4316,9.1,Council_2,3,1,0,,158.1,,
Suburb_19,4,h,SP,Agent_16,Eastern Metro,10800,9.3,Council_8,4,2,1,673.3,,,625378
Suburb_28,3,h,S,Agent_24,Eastern Metro,6338,13.1,Council_21,2,3,3,698.3,,1959,457444
Suburb_21,5,h,VB,Agent_14,South-Eastern Metro,9141,5.5,Council_13,5,2,1,111.9,161.9,2006,777554
Suburb_30,5,h,SA,Agent_1,Western Victoria,5321,10.7,Council_3,6,1,3,411,,1928,737947
Suburb_31,4,u,VB,Agent_16,Western Victoria,10026,7.4,Council_3,4,2,2,1056.8,70.2,2007,779452
Suburb_37,2,h,PI,Agent_20,South-Eastern Metro,14314,6,Council_6,1,3,1,,,2004,581168
Suburb_32,3,u,VB,Agent_3,Southern Metro,9957,7.5,Council_21,2,3,0,628,75.1,1933,575557
Suburb_21,5,u,SP,Agent_3,Western Victoria,13852,8.1,Council_4,5,2,0,531.7,124.3,,795254
Suburb_20,3,h,S,Agent_7,Northern Victoria,14009,3.5,Council_19,4,3,1,827.9,,1976,722583
Suburb_10,3,u,SP,Agent_22,Northern Victoria,2223,3.6,Council_15,2,1,1,588.6,,1928,660973
Suburb_24,1,h,VB,Agent_14,South-Eastern Metro,14482,11.5,Council_20,0,2,2,,155,,431341
Suburb_6,5,h,VB,Agent_25,Eastern Victoria,12364,6.3,Council_18,6,2,2,520,,1922,924579
Suburb_38,4,h,SA,Agent_22,Western Victoria,6687,9,Council_7,3,1,1,524.4,100.8,,492482
Suburb_34,2,h,SA,Agent_14,Northern Victoria,9201,11.3,Council_18,1,3,2,,,,
Suburb_5,3,u,SP,Agent_17,Northern Victoria,9447,7.5,Council_4,2,3,3,104.3,,1956,524279
Suburb_32,3,t,S,Agent_9,South-Eastern Metro,11902,10.8,Council_7,4,1,2,,287.3,1906,658975
Suburb_5,1,u,SP,Agent_3,Eastern Metro,12140,8.2,Council_5,1,1,3,819.9,143.4,,174913
Suburb_29,5,h,SA,Agent_10,Eastern Metro,1985,8.4,Council_3,4,3,1,,79.7,,831629
Suburb_4,5,h,SA,Agent_15,South-Eastern Metro,515,14.9,Council_2,4,3,3,409.8,,,593368
Suburb_20,5,t,S,Agent_5,Northern Metro,4074,7.1,Council_4,6,3,1,432.5,218.9,,1064502
Suburb_27,2,h,S,Agent_6,Eastern Metro,8141,11.6,Council_3,3,1,0,153,125.5,2011,437981
Suburb_30,2,h,PI,Agent_1,South-Eastern Metro,12813,3,Council_8,1,3,0,0,68.2,,407199
Suburb_17,1,h,VB,Agent_19,Western Victoria,9966,8.8,Council_2,0,3,0,298.8,201.2,,570510
Suburb_37,4,h,SA,Agent_23,Northern Victoria,2470,17,Council_2,3,3,3,393.1,125.1,,658168
Suburb_31,2,h,VB,Agent_21,Western Metro,10899,25.2,Council_21,3,3,,67.6,189.2,,644235
Suburb_9,5,h,SP,Agent_10,Western Metro,7288,3.1,Council_2,4,3,3,553.1,,1920,1000369
Suburb_27,5,h,S,Agent_15,South-Eastern Metro,5847,6.3,Council_2,4,2,3,848.9,,,893030
Suburb_30,1,h,VB,Agent_25,Northern Victoria,11689,4.2,Council_1,1,1,1,752.6,293.8,2000,483087
Suburb_14,5,h,PI,Agent_15,Northern Metro,4786,7.2,Council_3,5,1,3,,46.5,1980,797122
Suburb_30,1,h,SA,Agent_8,Northern Victoria,9470,12.7,Council_12,1,3,3,,100.9,1978,321891
Suburb_36,3,h,PI,Agent_9,Western Metro,3141,15.2,Council_18,4,3,3,,134.6,1992,732138
Suburb_33,3,u,PI,Agent_19,South-Eastern Metro,6032,15.5,Council_16,2,1,1,543.9,,,701315
Suburb_31,5,h,SP,Agent_12,Western Victoria,8588,2.9,Council_13,5,2,1,,,,899442
Suburb_26,4,u,S,Agent_21,Western Victoria,9539,8,Council_2,4,1,0,,227.3,1976,674598
Suburb_11,5,u,SA,Agent_22,Northern Victoria,13829,5.4,Council_17,4,1,,252.6,,,772383
Suburb_32,3,h,SA,Agent_1,Eastern Metro,4710,7,Council_1,4,2,3,0,,2002,497728
Suburb_15,5,u,S,Agent_19,Western Metro,13491,5.9,Council_14,5,2,2,184,,,840225
Suburb_22,5,u,VB,Agent_10,Southern Metro,12340,3.1,Council_9,5,2,0,645.8,,,754260
Suburb_13,5,h,SP,Agent_13,Western Victoria,5719,15.3,Council_19,6,2,3,508.1,,,849629
Suburb_13,3,h,PI,Agent_7,Eastern Victoria,2531,4.9,Council_7,2,2,1,135.3,,1901,732115
Suburb_7,2,h,SA,Agent_10,Eastern Victoria,4238,5.5,Council_14,3,3,2,74.1,,,
Suburb_39,5,t,SA,Agent_9,Eastern Metro,10038,17,Council_10,6,1,2,393.6,196.5,,567993
Suburb_6,4,u,S,Agent_2,Eastern Metro,11937,2.7,Council_11,3,1,0,126.2,50.2,1977,533635
Suburb_4,5,t,SP,Agent_20,Eastern Victoria,9377,10.1,Council_20,6,2,0,656.2,153.2,1981,991250
Suburb_38,3,t,SA,Agent_4,Northern Victoria,11012,13.7,Council_15,4,2,0,376.6,,,554691
Suburb_23,5,h,SA,Agent_10,South-Eastern Metro,1974,16.3,Council_9,5,3,3,311.9,132.3,,830519
Suburb_18,4,u,S,Agent_5,Western Metro,7827,9.7,Council_10,4,3,3,272.5,,,662806
Suburb_30,4,h,SA,Agent_5,Western Metro,13169,11.7,Council_15,,2,1,578.9,111.7,,600853
Suburb_16,1,u,PI,Agent_10,South-Eastern Metro,6140,13.7,Council_8,0,1,1,512.8,163.5,,199542
Suburb_6,3,h,PI,Agent_23,Eastern Victoria,13533,7.3,Council_4,2,1,1,560.6,163.3,1934,579116
Suburb_30,4,h,S,Agent_24,Eastern Metro,2295,4.5,Council_10,4,2,1,554,136.8,,799046
Suburb_8,4,u,VB,Agent_10,Eastern Victoria,14691,17.7,Council_2,5,2,2,,172.2,1945,769046
Suburb_23,5,u,VB,Agent_13,Southern Metro,11884,11,Council_4,5,2,1,190.1,,,796758
Suburb_38,2,h,VB,Agent_25,Western Metro,9580,8,Council_9,1,1,2,280.9,,,449574
Suburb_38,2,h,VB,Agent_6,Western Victoria,9453,3.2,Council_17,2,3,1,,137.6,1910,547851
Suburb_15,5,h,SA,Agent_24,Western Victoria,14076,1.4,Council_17,4,2,2,,121,,
Suburb_32,5,t,SA,Agent_3,Western Victoria,5964,9.9,Council_6,6,2,3,95.3,102.3,,747959
Suburb_25,1,h,VB,Agent_6,Eastern Metro,2891,1.4,Council_9,1,1,,,135.5,2005,362690
Suburb_20,2,h,SA,Agent_9,Eastern Victoria,13822,8,Council_4,2,3,0,529.5,262.2,1937,725936
Suburb_6,5,h,VB,Agent_1,Western Victoria,1989,5,Council_16,5,2,2,409,,,785678
Suburb_16,1,h,VB,Agent_21,Western Victoria,10065,5.9,Council_6,2,1,,822.2,81.3,1936,323863
Suburb_27,4,h,PI,Agent_22,Northern Metro,4356,15.5,Council_17,5,1,,407.5,,1969,
Suburb_40,1,h,VB,Agent_10,South-Eastern Metro,13973,5.1,Council_18,1,2,3,,121.7,1923,435114
Suburb_1,1,u,S,Agent_21,Western Victoria,14618,8.2,Council_15,1,1,1,744.4,,,488622
Suburb_29,4,t,PI,Agent_20,Eastern Victoria,7378,5.1,Council_7,3,,2,,113.7,1996,837410
Suburb_34,4,t,PI,Agent_21,Southern Metro,8232,9.4,Council_21,4,3,3,922.2,226.8,,
Suburb_39,3,h,SA,Agent_21,Eastern Victoria,7091,8.7,Council_15,3,3,0,,,,665530
Suburb_17,5,h,S,Agent_15,Northern Metro,6665,8,Council_14,5,2,1,485.1,233.9,1963,938397
Suburb_5,2,u,VB,Agent_3,Western Metro,14089,13.7,Council_18,3,2,0,514,,1975,393570
Suburb_11,3,u,S,Agent_24,South-Eastern Metro,4663,2.7,Council_19,4,2,1,544.1,,1974,608350
Suburb_35,4,h,SA,Agent_16,Western Metro,14416,2.2,Council_2,4,2,0,245.8,,2013,957146
Suburb_36,4,u,SA,Agent_23,South-Eastern Metro,9931,3.6,Council_19,4,2,3,781,160.1,1979,813609
Suburb_26,2,u,SP,Agent_24,Southern Metro,14431,8.7,Council_17,1,2,1,,286.3,2006,
Suburb_5,4,u,SA,Agent_5,Northern Victoria,9375,10.3,Council_5,4,3,0,486.5,,,491291
Suburb_5,3,u,PI,Agent_11,South-Eastern Metro,12374,0.7,Council_7,4,1,0,118.7,165.4,1926,428502
Suburb_20,3,h,SA,Agent_5,South-Eastern Metro,7604,10.3,Council_16,4,1,0,518.7,,1977,553182
Suburb_24,5,h,VB,Agent_2,Eastern Metro,7204,19.4,Council_5,6,3,0,0,59.2,1918,543444
Suburb_2,2,h,S,Agent_25,Eastern Metro,4233,6.4,Council_10,2,3,0,325.5,51.7,1913,542084
Suburb_28,4,h,SP,Agent_24,Eastern Metro,3549,18,Council_15,5,3,2,,,1925,445753
Suburb_22,5,u,PI,Agent_24,Western Metro,1046,9.8,Council_14,6,2,3,586.1,,1932,689682
Suburb_1,4,h,SP,Agent_23,Northern Victoria,6059,16.8,Council_20,4,2,3,,,,577877
Suburb_4,5,h,S,Agent_17,Eastern Metro,14822,15.1,Council_3,4,1,3,,185.8,1987,735508
Suburb_19,3,u,SA,Agent_14,Western Metro,14105,6.4,Council_7,3,1,3,934.5,181.6,1969,
Suburb_29,2,u,SA,Agent_25,Eastern Metro,10508,12.7,Council_21,3,3,1,693.6,270.9,1924,579946
Suburb_34,5,u,PI,Agent_14,Southern Metro,5771,6.4,Council_12,5,2,1,,212.7,1933,827527
Suburb_18,4,h,SP,Agent_17,South-Eastern Metro,8045,19.2,Council_6,5,2,2,1057.1,,,559411
Suburb_12,2,u,S,Agent_6,Eastern Victoria,11472,6.8,Council_7,3,1,1,,,2009,482457
Suburb_39,2,h,SA,Agent_19,Eastern Metro,529,10.6,Council_8,1,2,2,260.9,182.3,1914,279319
Suburb_19,2,h,SP,Agent_21,Eastern Victoria,13883,21.2,Council_12,3,3,3,,122.4,,636050
Suburb_13,5,h,S,Agent_17,Northern Victoria,13121,10.9,Council_6,5,2,0,,81.3,1938,787387
Suburb_18,1,h,SP,Agent_13,Southern Metro,14570,6,Council_14,2,2,3,,,,450367
Suburb_1,4,u,PI,Agent_5,Eastern Metro,1868,3.3,Council_10,4,3,3,,,,835638
Suburb_13,3,h,VB,Agent_1,Northern Metro,14241,2.7,Council_13,3,,2,,,,462613
Suburb_21,1,h,SP,Agent_16,Northern Metro,9395,10.2,Council_4,0,1,1,986.2,,1969,255452
Suburb_37,4,u,SA,Agent_18,Eastern Metro,8548,7.5,Council_14,3,2,1,,136.8,,711152
Suburb_30,4,u,VB,Agent_20,Western Metro,3103,3.6,Council_20,4,2,0,705.9,151.7,1998,
Suburb_32,4,h,SA,Agent_24,Eastern Victoria,7632,11.9,Council_3,4,3,1,657.3,,,
Suburb_22,3,t,SP,Agent_13,Southern Metro,5767,11.8,Council_7,,1,2,,,1994,
Suburb_5,2,u,VB,Agent_21,Eastern Victoria,14820,7.4,Council_15,1,1,2,250.8,161.1,,357980
Suburb_16,1,t,SP,Agent_18,Southern Metro,5425,17.3,Council_13,1,2,0,301.2,95.4,1930,182115
Suburb_40,1,t,VB,Agent_7,Southern Metro,3663,2.3,Council_15,0,2,2,669.4,40.9,2017,485312
Suburb_2,2,t,VB,Agent_22,South-Eastern Metro,14222,6.1,Council_12,1,3,3,,,2010,717257
Suburb_36,4,u,SP,Agent_2,Eastern Victoria,3219,10.9,Council_15,4,2,0,,,1972,
Suburb_28,1,h,SA,Agent_15,Northern Victoria,13615,3.9,Council_13,1,2,0,62.7,,,449188
Suburb_12,5,h,SA,Agent_24,Northern Metro,14466,12.6,Council_2,5,1,3,,233.8,2005,890566
Suburb_32,3,h,SA,Agent_17,Northern Metro,4956,14.7,Council_16,4,2,2,521.4,57.4,1918,540639
Suburb_34,2,u,SP,Agent_24,Western Metro,10493,1,Council_10,3,2,2,649.7,183.2,1907,639506
Suburb_2,5,h,VB,Agent_2,Western Metro,12052,17.6,Council_2,5,2,3,337.8,227.6,,666204
Suburb_5,1,u,S,Agent_14,Western Victoria,8276,10.5,Council_9,2,2,2,304.2,,1966,242321
Suburb_27,5,h,S,Agent_20,Eastern Metro,10606,5.7,Council_10,4,2,2,1073.8,24.2,,853306
Suburb_40,2,h,SA,Agent_17,Southern Metro,2414,2.9,Council_2,3,1,,0,98.8,1960,
Suburb_1,2,h,S,Agent_23,Western Victoria,7982,13.6,Council_21,2,1,3,583.6,,,531215
Suburb_27,3,h,SA,Agent_12,Southern Metro,7941,3.5,Council_5,4,1,3,136.5,181.4,1904,492829
Suburb_6,5,h,PI,Agent_18,Northern Metro,8713,10.5,Council_7,6,2,1,378.5,,1934,687896
Suburb_27,2,h,SP,Agent_11,Western Metro,14191,3.6,Council_10,3,3,2,308.6,20,1910,633099
Suburb_25,5,u,S,Agent_22,Western Metro,12458,7.9,Council_18,6,3,2,,132,,842212
Suburb_4,2,h,VB,Agent_3,Northern Victoria,9241,13.2,Council_16,1,1,0,510.6,,,413065
Suburb_28,2,h,VB,Agent_7,Western Victoria,6348,5.7,Council_17,1,1,0,0,,,605891
Suburb_36,4,h,PI,Agent_3,Western Victoria,6367,17.5,Council_5,4,2,2,,158.8,,617871
Suburb_35,4,h,SA,Agent_18,Eastern Metro,792,11,Council_18,4,1,2,472.9,128.1,1988,605967
Suburb_2,2,h,SP,Agent_6,Western Victoria,8490,3.9,Council_18,1,2,2,92.2,,,414384
Suburb_10,1,u,PI,Agent_8,South-Eastern Metro,4160,3,Council_10,2,2,1,954,,1903,448179
Suburb_10,2,u,SP,Agent_21,Northern Metro,13349,4.7,Council_12,1,3,3,321.7,153.1,1950,580952
Suburb_19,3,h,PI,Agent_10,Western Victoria,11717,7.7,Council_1,4,2,1,,186.9,1994,
Suburb_6,1,h,S,Agent_4,Southern Metro,13736,18.4,Council_16,0,3,0,,191.8,1997,352917
Suburb_35,1,h,PI,Agent_1,Northern Victoria,14939,20.4,Council_21,1,,0,475.5,,,349440
Suburb_32,5,h,PI,Agent_6,Eastern Victoria,6301,5.6,Council_10,6,3,3,892.4,,1973,971209
Suburb_33,1,u,PI,Agent_23,Southern Metro,6711,5.5,Council_12,1,2,2,,127.5,,589258
Suburb_8,3,h,PI,Agent_14,Eastern Metro,9316,12.1,Council_11,4,2,1,,,,266591
Suburb_1,4,u,VB,Agent_25,Western Metro,6742,12,Council_2,5,,0,826.4,178.6,,747604
Suburb_37,2,h,PI,Agent_6,Western Victoria,4548,16,Council_14,3,2,0,1014.9,,1903,398821
Suburb_12,3,h,SP,Agent_9,Southern Metro,10753,16.2,Council_16,3,3,0,574.7,179.8,,597449
Suburb_27,1,h,SP,Agent_5,South-Eastern Metro,7040,4.5,Council_20,2,2,0,971.1,74.1,,367642
Suburb_37,4,h,VB,Agent_10,Western Metro,14156,2.6,Council_20,4,1,2,737.7,257.4,1952,805733
Suburb_2,4,t,SA,Agent_15,Northern Metro,3688,11.1,Council_11,5,2,0,543.2,192.6,,578274
Suburb_1,5,h,VB,Agent_21,South-Eastern Metro,6935,9,Council_21,,2,0,605.1,,1979,861625
Suburb_1,5,u,VB,Agent_10,Eastern Victoria,8206,1.7,Council_12,4,2,1,,93.9,,1045573
Suburb_7,2,u,SA,Agent_20,Northern Victoria,13663,2.6,Council_14,,1,2,,214.6,1961,582143
Suburb_3,1,h,SA,Agent_16,Southern Metro,8884,10.8,Council_13,,1,1,36.9,83.9,1962,187801
Suburb_33,2,h,PI,Agent_8,Southern Metro,1501,7.2,Council_21,1,1,0,,285.7,1983,562812
Suburb_25,1,h,S,Agent_23,Western Metro,5398,10.9,Council_16,2,2,2,557.9,113.2,2011,358426
Suburb_40,3,h,VB,Agent_11,Northern Victoria,13348,3.7,Council_3,2,1,1,165.8,253.2,1983,712599
Suburb_33,1,u,VB,Agent_4,Northern Victoria,4445,11.4,Council_2,2,2,0,497.9,138.9,2019,360173
Suburb_39,5,h,SP,Agent_25,Southern Metro,5439,9.6,Council_9,6,1,2,,,,791493
Suburb_10,4,t,SA,Agent_23,Northern Victoria,2689,11.9,Council_11,3,1,3,,105.9,1993,631499
Suburb_12,2,h,SA,Agent_2,Eastern Metro,10931,5.9,Council_15,3,1,2,,151.1,1950,
Suburb_34,5,h,SP,Agent_23,South-Eastern Metro,2523,5.1,Council_11,,1,0,769.6,198.3,1987,668545
Suburb_10,4,u,PI,Agent_24,Eastern Victoria,5833,2.9,Council_11,4,1,1,473.2,,1910,769775
Suburb_3,3,h,S,Agent_21,South-Eastern Metro,10816,6.5,Council_20,4,3,,632.3,,,840138
Suburb_27,1,t,S,Agent_7,Northern Metro,13484,14.4,Council_8,0,1,3,141.1,,,358212
Suburb_33,2,h,SP,Agent_16,Western Victoria,3713,16.6,Council_11,1,2,3,,155.1,,348515
Suburb_39,3,t,SP,Agent_14,Northern Metro,5316,3.5,Council_12,3,2,3,829.2,,,770575
Suburb_38,4,u,SP,Agent_16,Western Victoria,2210,7.7,Council_10,4,3,3,791.1,107.7,1917,679323
Suburb_5,2,u,S,Agent_16,Northern Metro,6849,18.6,Council_21,1,2,2,,,1909,230500
Suburb_31,4,h,PI,Agent_16,Northern Victoria,14983,20,Council_21,4,2,2,336.3,136.9,,755578
Suburb_34,2,u,VB,Agent_13,Northern Metro,4911,6.3,Council_11,1,3,2,203.4,,,609049
Suburb_28,2,h,SP,Agent_18,Northern Metro,4268,15.1,Council_10,1,3,,303.1,,,731400
Suburb_33,3,u,PI,Agent_14,South-Eastern Metro,6295,13.6,Council_13,2,1,2,80.3,,,313107
Suburb_34,1,h,SP,Agent_1,South-Eastern Metro,13492,13,Council_4,0,3,0,,134.4,,410302
Suburb_18,3,h,VB,Agent_1,Northern Metro,8432,2.3,Council_9,4,,3,,158.7,1970,660458
Suburb_2,2,h,VB,Agent_24,Western Victoria,9333,5.4,Council_5,3,1,0,,,1938,367470
Suburb_19,2,h,SA,Agent_23,Eastern Metro,11817,7.1,Council_4,2,2,1,472.8,,2013,629600
Suburb_9,4,h,S,Agent_15,Eastern Metro,10868,7,Council_2,5,3,1,,210.6,1928,722008
Suburb_5,2,u,SA,Agent_5,Eastern Metro,9183,7.6,Council_13,2,1,3,,167.4,1921,249282
Suburb_5,4,h,SP,Agent_20,Western Metro,8633,21.2,Council_1,5,1,0,316.5,104.2,,471186
Suburb_28,4,u,S,Agent_4,Southern Metro,8232,6.5,Council_14,3,3,1,327.4,100.6,1917,813492
Suburb_21,4,h,VB,Agent_10,Western Metro,3121,9.9,Council_10,3,2,1,246.2,268.4,1958,789539
Suburb_22,2,u,S,Agent_9,Southern Metro,6507,9.7,Council_8,3,1,0,158.7,,,349178
Suburb_30,5,u,S,Agent_1,Northern Metro,12782,7.7,Council_17,4,3,0,,,1926,903047
Suburb_22,2,h,SA,Agent_21,Eastern Metro,1071,3.7,Council_12,3,2,1,,171.7,,461795
Suburb_26,2,u,SP,Agent_13,South-Eastern Metro,12505,8.3,Council_16,2,1,3,516.4,131.3,1977,343005
Suburb_4,5,t,PI,Agent_8,Eastern Victoria,8706,1.6,Council_15,5,1,1,,89.9,,893865
Suburb_35,2,u,SP,Agent_13,Eastern Metro,5570,10.5,Council_1,2,2,3,899.6,102.9,,457518
Suburb_18,4,h,S,Agent_1,Eastern Metro,2153,1.4,Council_5,5,1,2,,117.2,1975,503673
Suburb_7,1,h,S,Agent_11,Eastern Victoria,11575,9.9,Council_12,0,2,3,694.4,,1912,
Suburb_33,4,u,S,Agent_13,South-Eastern Metro,510,5.2,Council_21,5,1,3,567.7,229.7,2018,795601
Suburb_30,5,h,PI,Agent_9,Eastern Victoria,8374,4,Council_4,6,1,2,,149.5,,993272
Suburb_3,4,u,PI,Agent_21,Western Victoria,2854,12.2,Council_3,5,3,2,598.3,,2002,730274
Suburb_8,3,h,S,Agent_7,Eastern Victoria,13681,6,Council_20,4,1,0,0,156.4,,547410
Suburb_1,5,u,SP,Agent_4,Western Victoria,3143,8,Council_21,6,3,2,938.8,,,899647
Suburb_11,2,h,SP,Agent_14,Western Metro,12140,2.4,Council_4,2,1,0,654.5,,1938,709032
Suburb_4,2,h,PI,Agent_23,Western Metro,8823,17.3,Council_9,2,2,2,240.4,,1938,433041
Suburb_29,1,t,SA,Agent_10,Eastern Metro,1094,8.5,Council_14,1,1,2,,73.7,1956,310081
Suburb_21,4,u,VB,Agent_2,Southern Metro,10940,8.5,Council_5,5,2,3,0,220.3,1953,774433
Suburb_40,4,u,SA,Agent_25,South-Eastern Metro,13249,15.3,Council_7,4,2,2,405.8,149.5,1978,499033
Suburb_30,4,t,S,Agent_12,South-Eastern Metro,3711,10.6,Council_9,4,1,1,355.2,,1955,689486
Suburb_25,4,h,SP,Agent_5,Eastern Victoria,14544,0.9,Council_14,3,2,1,102.5,108.4,1994,809935
Suburb_21,1,h,VB,Agent_16,Southern Metro,12076,18.3,Council_7,0,3,2,,,,267535
Suburb_3,4,h,SP,Agent_8,Western Metro,11261,6.3,Council_9,3,2,1,883,50,1936,617835
Suburb_3,4,h,SA,Agent_24,Southern Metro,5372,17.7,Council_7,4,1,1,,104.2,,540529
Suburb_25,2,h,PI,Agent_8,Western Victoria,2238,6.2,Council_16,2,3,1,,,1987,577568
Suburb_1,3,t,SP,Agent_14,Eastern Metro,6725,5.3,Council_4,4,1,2,,,,482441
Suburb_2,5,h,SA,Agent_14,Southern Metro,12206,10.2,Council_5,5,1,0,,57.1,,524847
Suburb_9,3,h,PI,Agent_7,Northern Victoria,9006,23.6,Council_6,2,2,2,175.3,95.5,1937,384684
Suburb_36,4,h,SA,Agent_13,Western Victoria,9888,15.1,Council_20,4,1,1,304.2,126.9,1977,712078
Suburb_19,3,h,PI,Agent_3,Western Victoria,11824,10.9,Council_20,2,1,1,411.1,,1915,447731
Suburb_29,4,h,S,Agent_17,Northern Metro,5412,10.1,Council_11,5,3,1,574.5,142.3,1954,636402
Suburb_17,4,u,VB,Agent_19,Eastern Metro,1041,8.2,Council_4,5,2,0,,,1980,821398
Suburb_7,4,h,S,Agent_24,Southern Metro,13318,17.2,Council_16,3,3,2,,,2011,
Suburb_15,4,h,VB,Agent_9,Eastern Metro,9394,12.4,Council_11,3,2,2,,270.3,1952,658418
Suburb_4,5,u,PI,Agent_8,Northern Victoria,8700,2.8,Council_18,4,2,3,699.6,,,853009
Suburb_31,2,h,VB,Agent_14,Eastern Metro,8812,4.1,Council_8,2,3,1,,98.6,,595287
Suburb_8,5,u,SA,Agent_18,Northern Metro,12867,11.1,Council_21,4,1,2,1265.8,,1992,790100
Suburb_16,4,h,PI,Agent_25,Northern Victoria,11654,3.6,Council_17,5,2,,383.7,,1929,717786
Suburb_40,3,h,SA,Agent_1,Northern Metro,10216,8.5,Council_5,2,3,2,597,201.6,,655262
Suburb_24,2,h,S,Agent_6,Southern Metro,11839,13,Council_16,2,1,2,1348.8,162.4,1931,453658
Suburb_19,3,t,S,Agent_7,Northern Metro,4683,10.2,Council_7,3,3,3,558.2,,1916,625321
Suburb_22,4,h,SA,Agent_7,Northern Metro,10819,3.2,Council_8,3,,3,479.7,212.6,1909,812243
Suburb_32,2,h,PI,Agent_12,Western Metro,14637,4.2,Council_6,3,2,0,203.9,,1978,565287
Suburb_11,2,h,PI,Agent_22,Eastern Victoria,3906,10.4,Council_15,1,3,1,958.5,125.3,1975,687816
Suburb_26,5,u,S,Agent_1,Eastern Victoria,8779,22.2,Council_6,6,1,2,152.3,,1923,666550
Suburb_35,3,u,SP,Agent_21,Northern Metro,10377,7.4,Council_14,4,3,2,628.1,131.7,2005,766269
Suburb_23,4,h,VB,Agent_16,Northern Metro,7992,13.2,Council_13,4,1,1,,59.6,1933,568596
Suburb_18,1,u,SA,Agent_16,Eastern Metro,14548,10.3,Council_16,2,1,0,,,1973,
Suburb_6,1,u,SA,Agent_17,South-Eastern Metro,6350,5.2,Council_21,1,2,2,,194.7,,379058
Suburb_10,5,h,PI,Agent_3,South-Eastern Metro,3658,13.3,Council_1,4,2,2,,129.3,,617327
Suburb_38,1,h,PI,Agent_19,Eastern Victoria,2476,2.3,Council_21,0,3,0,416.7,228.3,,613174
Suburb_22,4,h,S,Agent_7,Eastern Metro,12814,12.7,Council_3,5,3,2,135.5,112.2,2011,551801
Suburb_13,5,t,S,Agent_13,Southern Metro,10450,10.7,Council_12,5,3,3,,39.7,1986,895059
Suburb_17,3,h,PI,Agent_17,Northern Metro,8880,5.5,Council_8,4,2,2,348.8,,2008,768615
Suburb_24,5,h,PI,Agent_16,Southern Metro,6746,3.8,Council_14,4,1,3,600.4,,2004,686134
Suburb_22,3,h,S,Agent_9,Northern Metro,6444,5.8,Council_16,4,3,1,,,1943,664564
Suburb_28,5,h,PI,Agent_10,Eastern Victoria,14051,4.9,Council_19,6,2,0,642.2,162.4,1967,920106
Suburb_11,2,u,VB,Agent_12,Eastern Metro,10365,6.7,Council_9,1,1,2,0,173.1,,468489
Suburb_26,3,h,SA,Agent_2,Eastern Victoria,14493,6.2,Council_20,3,3,0,708.6,,,735999
Suburb_18,2,u,SA,Agent_19,Northern Victoria,12121,5.5,Council_7,3,2,0,469.8,184.9,,504000
Suburb_38,4,h,SP,Agent_3,Northern Victoria,11630,2.2,Council_5,3,2,0,,183,,567494
Suburb_7,1,h,SP,Agent_12,Western Metro,8527,3.4,Council_8,,2,3,,102.6,1989,272957
Suburb_6,5,h,SA,Agent_17,Eastern Victoria,4016,14.5,Council_12,4,,3,,167.7,2001,
Suburb_19,1,u,VB,Agent_3,Northern Metro,9976,5.6,Council_15,1,1,1,,,1995,464573
Suburb_21,2,h,SP,Agent_25,Northern Metro,10881,6.8,Council_18,1,2,2,90.7,243.7,,628201
Suburb_28,3,h,VB,Agent_10,Western Metro,8068,6,Council_5,3,1,1,414.2,65.8,1931,
Suburb_17,1,u,S,Agent_1,Western Metro,796,17.5,Council_7,2,2,0,546.9,,1963,318291
Suburb_37,3,h,PI,Agent_17,Northern Victoria,14420,4.8,Council_20,2,,3,822.2,70.9,1950,
Suburb_19,5,h,SP,Agent_14,South-Eastern Metro,12482,4.6,Council_10,4,2,3,254.1,,,992947
Suburb_6,5,h,SA,Agent_17,Northern Victoria,5606,10.8,Council_6,5,3,1,935.5,,,806952
Suburb_5,1,u,S,Agent_19,Eastern Metro,7657,8.9,Council_21,0,2,1,784.1,118.3,,167398
Suburb_39,3,h,SA,Agent_12,Eastern Metro,2288,11,Council_10,2,3,3,371.2,,,637099
Suburb_6,3,h,SP,Agent_21,Eastern Victoria,14082,10.6,Council_21,2,,1,167.4,163.6,1901,721775
Suburb_38,1,h,S,Agent_10,Southern Metro,3844,13.5,Council_20,0,1,1,,,1940,289057
Suburb_12,4,h,VB,Agent_14,Northern Victoria,5977,3.1,Council_20,5,2,1,581.5,,,791068
Suburb_4,3,h,VB,Agent_4,Northern Victoria,6713,10.2,Council_13,2,2,1,278.8,223.2,1976,524870
Suburb_13,4,h,S,Agent_16,Eastern Victoria,4316,4.6,Council_17,4,2,,,,1941,975803
Suburb_25,2,h,S,Agent_7,South-Eastern Metro,9702,1.7,Council_21,3,3,0,,81.7,2017,539036
Suburb_18,2,h,S,Agent_18,Western Metro,14928,10.5,Council_6,2,2,1,229.8,,1934,237462
Suburb_32,4,u,PI,Agent_21,Eastern Metro,12901,10.2,Council_1,4,1,1,570.1,178.5,1952,581050
Suburb_25,4,h,S,Agent_22,Eastern Metro,8194,7.8,Council_7,4,,1,,171.2,1998,459862
Suburb_17,1,h,VB,Agent_24,Western Metro,2398,13.6,Council_14,2,1,1,,,,203194
Suburb_26,2,t,S,Agent_4,Southern Metro,13016,4.6,Council_12,1,2,1,795.8,194.9,1905,775180
Suburb_39,3,u,VB,Agent_4,South-Eastern Metro,4222,11.5,Council_2,2,2,1,,96.5,1939,443535
Suburb_17,5,u,SA,Agent_24,Southern Metro,13710,7.2,Council_12,6,3,3,536.3,,1943,886474
Suburb_7,2,h,VB,Agent_10,South-Eastern Metro,6233,7.5,Council_4,1,1,2,,,,554212
Suburb_17,2,h,SA,Agent_1,Eastern Victoria,8017,1.9,Council_11,1,2,2,,,1985,498370
Suburb_34,5,h,SA,Agent_8,Western Victoria,6832,13.7,Council_13,4,1,1,617.6,118.3,1965,624494
Suburb_9,4,h,S,Agent_21,Northern Metro,7107,9.9,Council_14,3,2,3,548,117.2,1948,631347
Suburb_38,5,h,SP,Agent_9,Eastern Victoria,2892,11.3,Council_9,4,2,0,767.9,,1960,791409
Suburb_24,4,h,VB,Agent_2,Northern Metro,8516,4.2,Council_9,4,2,2,,,,640093
Suburb_25,5,h,SP,Agent_19,Eastern Metro,6343,9.3,Council_15,5,1,0,,81.3,1921,
Suburb_13,1,h,VB,Agent_5,Southern Metro,12792,7.1,Council_16,0,1,3,,,1973,422414
Suburb_37,2,h,VB,Agent_9,Southern Metro,7419,10.3,Council_17,3,2,1,412.2,,2003,574577
Suburb_2,2,h,SA,Agent_1,Southern Metro,14487,9,Council_8,1,2,1,,,,436282
Suburb_12,1,u,SP,Agent_16,Northern Metro,4801,19.4,Council_9,2,1,0,,,,288773
Suburb_17,4,u,SP,Agent_12,Eastern Victoria,5260,16.1,Council_7,5,2,3,638.5,166.2,,672572
Suburb_20,4,h,S,Agent_22,Northern Metro,1032,6.6,Council_12,4,1,1,,112.9,1938,675109
Suburb_19,1,h,SP,Agent_9,Western Metro,11210,10.5,Council_3,1,2,,,161,,601506
Suburb_6,1,h,SP,Agent_6,South-Eastern Metro,1565,6.3,Council_10,,2,3,1105.2,,,517655
Suburb_10,1,h,PI,Agent_5,Western Victoria,4637,13.4,Council_4,0,3,0,762.2,,,319355
Suburb_4,3,u,PI,Agent_6,Eastern Victoria,13703,7.3,Council_12,4,3,1,962.4,132.7,1913,697558
Suburb_23,3,h,SA,Agent_12,Southern Metro,9358,5.8,Council_18,3,3,0,38.2,,,837411
Suburb_15,2,h,VB,Agent_3,Western Victoria,8602,9.2,Council_21,1,1,0,,20,1977,394695
Suburb_23,5,h,VB,Agent_11,South-Eastern Metro,12169,15.4,Council_10,6,3,0,,,1991,954399
Suburb_24,2,h,S,Agent_22,Southern Metro,11686,14,Council_2,3,2,0,512.4,,2000,623312
Suburb_29,3,h,PI,Agent_20,Western Metro,13354,6,Council_5,2,2,3,,,1966,525380
Suburb_22,3,h,VB,Agent_16,Western Victoria,10146,18.4,Council_3,2,3,1,,64.1,1919,474108
Suburb_26,2,t,SP,Agent_23,Western Metro,7006,4.4,Council_16,1,1,,845.5,80.7,,415925
Suburb_24,5,h,PI,Agent_20,Southern Metro,2394,5.3,Council_21,4,,1,,176.7,1980,911482
Suburb_27,5,h,VB,Agent_17,Western Victoria,5861,13.1,Council_12,5,3,3,884.3,144.6,,840862
Suburb_25,1,h,VB,Agent_22,Western Victoria,10726,1.7,Council_4,0,2,0,825.7,,1976,509012
Suburb_13,3,h,SA,Agent_4,Western Victoria,4175,8,Council_1,3,2,0,,,1925,680084
Suburb_10,1,h,PI,Agent_21,Western Victoria,10229,6.6,Council_21,0,1,0,247.1,208,1997,493984
Suburb_32,3,h,SP,Agent_8,Eastern Victoria,2434,19,Council_7,4,2,3,521.8,,1905,504586
Suburb_14,4,u,SP,Agent_19,Western Metro,1376,3.9,Council_3,5,1,2,,,,802406
Suburb_22,3,h,VB,Agent_23,Southern Metro,5791,4.2,Council_4,3,2,2,,,2000,677991
Suburb_8,2,h,PI,Agent_13,Northern Victoria,3833,20.5,Council_6,2,2,3,,75.9,,342518
Suburb_18,2,h,PI,Agent_3,Southern Metro,13143,6.7,Council_14,1,3,1,832.2,,1997,472225
Suburb_22,2,h,S,Agent_10,Western Metro,5984,15,Council_19,1,3,2,852.1,,2009,469776
Suburb_26,2,h,PI,Agent_11,South-Eastern Metro,6572,6,Council_6,2,1,2,245.6,,1919,605423
Suburb_22,2,u,SP,Agent_24,Western Victoria,6350,5.2,Council_15,1,1,2,421.6,140.1,1965,462851
Suburb_15,4,h,PI,Agent_24,Eastern Metro,5100,15.5,Council_2,4,2,2,,113.3,1977,556755
Suburb_39,1,h,SA,Agent_15,Eastern Metro,13807,23.3,Council_1,1,3,1,520.9,,,154929
Suburb_21,1,u,VB,Agent_24,South-Eastern Metro,11217,16.1,Council_2,0,1,0,831.1,,1988,367143
Suburb_33,3,h,PI,Agent_11,Northern Metro,2803,5.8,Council_20,3,2,0,258.8,117,1971,592123
Suburb_30,4,h,SA,Agent_11,Northern Victoria,3625,7.8,Council_13,4,2,,,,1966,881887
Suburb_23,2,h,SA,Agent_21,South-Eastern Metro,1674,4.3,Council_17,3,1,2,530.5,,,657828
Suburb_36,2,u,PI,Agent_17,Northern Victoria,4216,4.8,Council_1,1,2,2,,,,770807
Suburb_6,4,h,VB,Agent_14,Western Metro,10020,4.6,Council_1,4,1,2,595.6,,1951,771003
Suburb_37,2,u,SP,Agent_12,Eastern Victoria,14070,6.1,Council_18,3,,0,470.9,88.3,,582098
Suburb_35,4,u,SA,Agent_18,Eastern Metro,7483,8.6,Council_3,3,3,1,672.4,163.9,,783985
Suburb_21,1,u,SP,Agent_19,South-Eastern Metro,1683,8,Council_4,2,2,1,398.9,196.3,1977,548094
Suburb_30,1,t,SP,Agent_13,Western Metro,1187,12,Council_11,2,1,3,0,136.5,1912,373793
Suburb_21,3,u,S,Agent_1,Northern Metro,6512,8.9,Council_13,3,3,2,427.8,,1986,716044
Suburb_11,2,u,SA,Agent_3,Northern Victoria,4337,11.4,Council_5,3,1,2,423.1,199,,496896
Suburb_32,4,u,SP,Agent_4,Northern Metro,8862,12.4,Council_10,5,3,2,22.3,185.8,1978,941320
Suburb_10,3,u,SA,Agent_12,Western Victoria,2215,5.8,Council_15,2,3,1,478.1,149,1951,592388
Suburb_13,2,u,S,Agent_16,Northern Victoria,3838,7.2,Council_10,3,2,3,,79.5,,501691
Suburb_21,1,t,PI,Agent_21,Eastern Metro,8559,36.6,Council_9,0,1,2,,,1926,80000
Suburb_34,1,h,PI,Agent_6,Western Metro,4574,5.5,Council_2,0,,3,573.1,160.6,,410701
Suburb_16,4,h,PI,Agent_20,Northern Victoria,5788,11.8,Council_10,3,3,2,529.1,37.4,1926,479892
Suburb_20,2,h,S,Agent_17,Eastern Metro,3716,3.3,Council_17,2,2,2,,160.2,,
Suburb_2,3,u,S,Agent_2,Eastern Metro,1246,12.6,Council_14,4,,0,474.3,,1909,352467
Suburb_5,5,h,SP,Agent_9,Western Metro,5505,5,Council_19,5,3,2,,72.2,,
Suburb_3,5,u,PI,Agent_8,Eastern Metro,5280,8.2,Council_3,5,3,0,503.2,130,1941,697712
Suburb_3,2,u,VB,Agent_23,Eastern Victoria,13528,2.9,Council_1,1,1,2,,131.3,2000,685611
Suburb_35,1,t,PI,Agent_24,Northern Metro,13444,7.7,Council_12,1,2,2,229.9,265.8,,567863
Suburb_34,4,h,SP,Agent_21,Eastern Victoria,6758,7.8,Council_4,4,1,2,580.3,163.2,2007,648580
Suburb_33,4,u,SP,Agent_14,Eastern Metro,4675,7.1,Council_13,4,1,1,578.4,,2018,580928
Suburb_3,2,u,VB,Agent_13,Northern Victoria,6558,10.3,Council_19,1,2,0,450.1,,1978,459253
Suburb_4,3,t,PI,Agent_8,Southern Metro,9314,14.7,Council_8,2,1,2,,,,425611
Suburb_12,1,t,SA,Agent_20,Western Metro,6105,4.1,Council_12,2,1,2,,,1971,557648
Suburb_23,4,h,PI,Agent_3,Eastern Victoria,11464,7.2,Council_15,4,3,1,,,1980,
Suburb_14,4,h,PI,Agent_7,Eastern Metro,14479,3,Council_4,4,2,2,373.3,,1913,696334
Suburb_20,2,h,S,Agent_4,Southern Metro,6348,2.1,Council_19,1,2,3,,86.8,1999,456373
Suburb_7,3,t,S,Agent_13,Northern Victoria,2200,8.8,Council_5,4,1,2,,154.4,1952,498154
Suburb_30,2,h,SA,Agent_8,Southern Metro,2251,3.9,Council_17,2,3,0,294.1,213.9,,768210
Suburb_13,1,u,SP,Agent_5,Eastern Metro,13142,8,Council_14,1,2,,,206,1973,
Suburb_3,1,u,PI,Agent_10,Western Metro,6533,9,Council_3,2,2,,338.5,245.2,2003,493416
Suburb_30,5,h,PI,Agent_22,Northern Victoria,5243,2.4,Council_16,4,1,2,,253.7,,908216
Suburb_37,3,h,S,Agent_14,South-Eastern Metro,9481,9.8,Council_5,3,1,3,0,27.2,1905,452091
Suburb_1,1,h,PI,Agent_21,South-Eastern Metro,14369,14.3,Council_13,2,1,1,361.1,,1913,348998
Suburb_18,1,u,SP,Agent_23,Eastern Victoria,6657,11.2,Council_21,1,1,2,,41.5,2004,
Suburb_34,2,h,S,Agent_23,Northern Metro,5070,4.2,Council_21,1,3,0,559.1,187.9,,612779
Suburb_29,5,h,PI,Agent_9,Eastern Metro,13009,7.7,Council_19,4,2,3,,108.4,2019,757549
Suburb_35,2,u,PI,Agent_22,Northern Metro,1701,8.2,Council_11,1,2,0,725.3,,,498505
Suburb_17,5,h,S,Agent_23,Northern Metro,12741,7.3,Council_12,5,,2,657.2,,1931,876693
Suburb_15,3,u,PI,Agent_24,Southern Metro,8040,3.2,Council_7,3,3,1,1064.8,,1941,753151
Suburb_29,4,h,VB,Agent_9,Northern Victoria,792,4.7,Council_20,3,1,0,470.9,60.9,,745062
Suburb_7,4,h,SP,Agent_6,Western Victoria,3804,6.9,Council_11,5,2,1,518.9,74.5,1930,
Suburb_10,1,h,SA,Agent_15,Eastern Victoria,10348,8.9,Council_17,0,2,3,496.6,150.1,,543418
Suburb_25,1,h,VB,Agent_24,South-Eastern Metro,11418,5.5,Council_8,1,1,0,,,1977,368577
Suburb_27,5,h,VB,Agent_23,Eastern Victoria,3336,1.9,Council_16,6,3,1,500.8,,1943,1020230
Suburb_5,5,u,S,Agent_15,Southern Metro,10030,5.7,Council_5,4,2,0,305.5,102.5,1956,739037
Suburb_21,1,h,VB,Agent_4,Eastern Victoria,14844,19.4,Council_16,,2,0,,21.1,1979,294832
Suburb_15,4,h,SP,Agent_11,Western Victoria,10453,9.9,Council_1,3,2,,255.1,,1994,775290
Suburb_21,5,h,VB,Agent_18,Northern Metro,10685,8.8,Council_3,5,3,2,,105.8,1922,873005
Suburb_39,5,h,SA,Agent_15,Western Metro,3305,4.6,Council_8,4,1,3,624.2,81.2,1961,645361
Suburb_4,2,t,SP,Agent_9,Eastern Victoria,9743,5.9,Council_11,3,2,2,443.2,,,553168
Suburb_40,5,h,SP,Agent_9,Western Metro,10775,1.8,Council_15,4,3,3,669.7,63.7,,845029
Suburb_18,4,t,S,Agent_2,Eastern Victoria,2104,4.4,Council_8,5,3,2,,,1977,747912
Suburb_31,5,h,VB,Agent_8,Western Victoria,5014,9.6,Council_1,5,2,,548.9,135.7,1957,826598
Suburb_17,1,h,VB,Agent_17,Western Metro,13297,8.8,Council_7,0,1,3,361.2,,,248141
Suburb_13,4,h,PI,Agent_7,Northern Metro,14980,5.2,Council_10,3,3,0,1358.7,,1906,781632
Suburb_31,1,h,S,Agent_25,Eastern Metro,3011,7.3,Council_12,0,3,,,135.2,2013,563003
Suburb_28,2,u,SP,Agent_3,Southern Metro,11110,8,Council_14,1,2,0,,283.3,,545057
Suburb_6,1,h,PI,Agent_15,Western Metro,7773,5.4,Council_6,,2,3,86.5,,2012,234461
Suburb_29,3,h,SA,Agent_13,Northern Victoria,9060,10.2,Council_13,3,2,,,,,446990
Suburb_31,5,u,S,Agent_21,Western Metro,7908,8.7,Council_14,4,1,0,395,160.4,,
Suburb_16,4,h,SP,Agent_23,Southern Metro,13073,6,Council_17,5,1,1,262.6,,,556679
Suburb_38,2,t,VB,Agent_14,Eastern Metro,6954,3.3,Council_11,1,3,2,,,1912,337473
Suburb_26,3,t,SP,Agent_16,South-Eastern Metro,9045,5.8,Council_18,,3,0,694.9,196.2,1955,716607
Suburb_14,2,u,SA,Agent_18,Northern Metro,10204,5.5,Council_5,1,1,1,690.2,,1977,670885
Suburb_1,4,u,SA,Agent_14,Southern Metro,8514,5.2,Council_15,3,2,1,,233.1,1923,824055
Suburb_27,2,u,SP,Agent_5,Western Victoria,13254,2.4,Council_1,3,3,2,547.8,20,,
Suburb_9,1,h,VB,Agent_11,Northern Metro,3941,16.5,Council_3,0,1,3,569.6,,,403830
Suburb_31,3,u,VB,Agent_7,Western Metro,14246,16,Council_19,2,1,2,600.9,,,750956
Suburb_22,5,h,VB,Agent_12,Southern Metro,10332,7.1,Council_10,6,1,2,,204.7,,893185
Suburb_19,3,u,S,Agent_16,Northern Metro,14420,8.9,Council_14,3,1,1,828.3,182.4,,614691
Suburb_7,2,t,S,Agent_6,Western Metro,5932,10.1,Council_13,1,2,3,516.9,224,,548282
Suburb_29,1,h,SP,Agent_7,Northern Victoria,7443,7.2,Council_15,2,2,0,,,1937,267811
Suburb_7,5,u,S,Agent_21,Southern Metro,1124,9.3,Council_6,4,3,0,,,,836637
Suburb_17,4,t,SP,Agent_10,Northern Metro,13897,10.9,Council_4,3,3,0,726.1,,2004,983443
Suburb_34,1,h,VB,Agent_5,Southern Metro,12332,8.5,Council_1,1,3,1,0,,1969,530779
Suburb_37,1,h,PI,Agent_18,South-Eastern Metro,4796,12.1,Council_19,2,3,1,,307.8,,552232
Suburb_40,1,t,SP,Agent_18,Eastern Victoria,1252,5.1,Council_5,0,3,3,775.5,161.8,1986,395508
Suburb_39,2,t,S,Agent_21,Southern Metro,10604,7.7,Council_13,3,2,2,956,,2017,263391
Suburb_23,5,h,SP,Agent_19,Eastern Metro,10248,29.6,Council_10,4,3,1,120.4,,1915,666754
Suburb_9,1,h,PI,Agent_25,Eastern Metro,8151,13.7,Council_4,2,1,0,,106.8,2003,248628
Suburb_34,5,u,VB,Agent_15,Eastern Metro,2772,8.7,Council_9,4,3,,,,,671892
Suburb_33,1,h,SP,Agent_8,Southern Metro,13816,4.2,Council_2,1,1,1,,182.9,,419090
Suburb_40,4,h,SP,Agent_22,Northern Metro,6772,7.9,Council_4,4,2,3,591.7,114.1,2003,931319
Suburb_27,2,h,PI,Agent_7,Northern Victoria,11006,13.2,Council_3,1,,1,112.1,,1936,568134
Suburb_6,5,h,S,Agent_8,Eastern Metro,12956,11.7,Council_18,5,2,2,167.8,,,715091
Suburb_21,3,h,SP,Agent_21,Eastern Metro,8450,2,Council_12,4,3,3,409.6,,1968,560308
Suburb_18,2,u,S,Agent_23,Eastern Metro,1869,2.5,Council_20,2,1,1,,,,271146
Suburb_34,2,h,PI,Agent_9,Western Victoria,13371,2.6,Council_10,2,2,1,162.2,,1956,516263
Suburb_16,5,u,PI,Agent_19,Northern Victoria,10173,10.2,Council_5,6,1,2,,,1986,496401
Suburb_14,3,h,PI,Agent_24,Western Metro,13468,2.6,Council_13,4,1,1,,,1959,603816
Suburb_4,2,h,VB,Agent_20,Southern Metro,9382,4,Council_20,1,2,0,373.5,152.2,,648135
Suburb_34,4,h,SP,Agent_1,Eastern Victoria,13658,7,Council_12,5,2,1,584.8,,,631359
Suburb_31,3,h,SA,Agent_17,Western Victoria,13079,14.4,Council_1,4,1,0,461.3,20,,598402
Suburb_2,4,h,SA,Agent_5,Northern Metro,3626,10.5,Council_7,5,2,2,751.2,,2000,778273
Suburb_18,3,h,S,Agent_22,Western Victoria,3004,6.5,Council_20,4,3,0,220,30.7,,
Suburb_20,1,h,SA,Agent_2,South-Eastern Metro,2823,12.3,Council_11,2,2,1,,,2003,344980
Suburb_19,1,h,S,Agent_25,Northern Metro,12096,22.5,Council_20,2,3,3,407.1,43.7,,311499
Suburb_37,1,u,SP,Agent_5,Eastern Victoria,3985,8,Council_11,0,3,2,518.1,51.1,1912,437649
Suburb_7,3,h,PI,Agent_11,Northern Metro,7026,3.2,Council_1,4,2,2,,,,851054
Suburb_13,3,t,S,Agent_6,Northern Metro,11925,4.1,Council_19,2,2,2,83.7,136.7,1919,517064
Suburb_8,4,u,SP,Agent_21,Northern Metro,6715,4.1,Council_17,4,3,1,554.7,134.5,2004,944078
Suburb_10,5,h,S,Agent_10,Western Metro,1396,4.7,Council_16,6,2,2,272.7,71,1954,710602
Suburb_37,1,h,PI,Agent_19,Northern Victoria,5745,6.2,Council_21,0,2,0,,110.6,,402737
Suburb_38,5,h,SA,Agent_2,Western Metro,1871,9.1,Council_5,6,1,2,789.6,172.6,1957,616977
Suburb_2,5,h,SA,Agent_12,Northern Metro,6090,2.8,Council_20,5,1,2,310.5,,1910,780945
Suburb_26,4,h,SP,Agent_23,Southern Metro,11182,3.2,Council_5,3,1,3,,,,625893
Suburb_10,3,h,PI,Agent_24,Eastern Victoria,8039,10.9,Council_21,2,2,3,508.5,,,648684
Suburb_8,1,h,PI,Agent_6,Western Victoria,10285,5.5,Council_5,1,3,0,,134.9,,426553
Suburb_12,1,h,PI,Agent_10,Eastern Victoria,2048,4.4,Council_12,1,1,1,436.6,,,476317
Suburb_8,1,u,VB,Agent_11,Northern Metro,11377,6.7,Council_17,1,1,2,,104.6,,443032
Suburb_20,4,u,SA,Agent_15,Eastern Victoria,6663,15.8,Council_2,3,1,1,,144.1,1993,
Suburb_40,3,u,PI,Agent_14,South-Eastern Metro,4661,11.8,Council_2,2,2,2,462.3,,,617168
Suburb_24,1,h,S,Agent_3,Northern Victoria,9953,11.3,Council_18,0,1,3,,,1984,
Suburb_29,1,h,SA,Agent_20,Southern Metro,2455,18.9,Council_2,0,1,1,0,154.2,,407341
Suburb_20,1,h,SA,Agent_6,Western Victoria,7723,9.4,Council_13,2,1,3,483.9,295.8,1921,435786
Suburb_1,4,u,SP,Agent_8,Western Metro,6621,19.9,Council_20,3,,3,163.3,,1979,601636
Suburb_4,4,h,PI,Agent_22,Northern Metro,2904,20.8,Council_13,5,1,3,,149.8,1999,664674
Suburb_11,4,h,SA,Agent_18,Southern Metro,14306,2.9,Council_11,3,3,0,494.2,,2010,968637
Suburb_10,1,h,PI,Agent_10,Western Metro,5764,2.3,Council_9,1,3,1,723.1,224.6,,
Suburb_34,1,t,PI,Agent_23,Northern Metro,1091,3.9,Council_14,2,2,0,820,,1917,459349
Suburb_34,1,h,SA,Agent_10,Eastern Metro,6922,14.9,Council_13,1,1,0,637.7,198.3,1965,118024
Suburb_35,4,h,SA,Agent_15,Western Metro,14516,6.8,Council_11,3,1,0,758.1,,1981,728073
Suburb_26,4,h,PI,Agent_7,Western Victoria,10198,6.2,Council_4,4,1,1,394.9,124.4,2016,
Suburb_23,2,h,S,Agent_5,Northern Metro,9732,12.4,Council_14,1,2,0,1346.9,,1913,
Suburb_26,1,h,PI,Agent_13,Northern Victoria,13561,5.4,Council_16,2,2,1,,252.6,,467389
Suburb_17,2,h,VB,Agent_15,Western Victoria,1716,8.7,Council_15,3,1,3,,,1961,607449
Suburb_27,5,h,SP,Agent_21,Eastern Victoria,8480,10.9,Council_2,5,2,3,770.4,20,1970,
Suburb_32,1,u,PI,Agent_10,Western Victoria,5151,4.2,Council_15,1,1,3,,177.3,1911,300260
Suburb_31,4,h,VB,Agent_23,Southern Metro,10307,3.5,Council_16,4,2,0,646.2,115.1,1902,868445
Suburb_25,3,u,S,Agent_16,Eastern Victoria,12864,7.9,Council_4,4,3,2,702.6,203.9,,673769
Suburb_3,1,h,PI,Agent_2,Western Victoria,1619,8.5,Council_18,1,1,2,,174.5,1923,355237
Suburb_29,5,u,VB,Agent_19,Eastern Metro,2793,11.9,Council_12,6,2,0,976.8,,1973,
Suburb_15,3,h,SP,Agent_15,Western Metro,14339,3.8,Council_10,3,2,3,438.8,166.1,1903,674771
Suburb_30,4,u,PI,Agent_10,Northern Victoria,7633,4.8,Council_16,3,3,1,873.8,162.6,1996,847206
Suburb_22,1,h,VB,Agent_12,Western Metro,5070,20.7,Council_11,2,2,3,0,171.8,1939,207143
Suburb_36,2,t,S,Agent_8,Eastern Metro,2707,13.5,Council_12,2,2,0,577,,,484181
Suburb_14,4,h,VB,Agent_16,Western Victoria,5637,7.2,Council_7,5,3,2,330.9,239.8,1941,850569
Suburb_38,4,u,SP,Agent_15,Western Victoria,572,14.7,Council_20,4,2,0,671.6,174.8,1950,659595
Suburb_34,1,u,SP,Agent_12,Western Metro,3731,3.9,Council_21,1,2,3,595.1,,,556589
Suburb_14,4,h,VB,Agent_8,Eastern Victoria,3153,6.6,Council_3,4,1,2,,,,874468
Suburb_20,5,h,S,Agent_10,Western Metro,1727,8.5,Council_16,5,2,0,,,1982,957778
Suburb_22,4,h,S,Agent_13,Eastern Victoria,14550,6.2,Council_1,5,1,0,,204.9,2018,
Suburb_31,2,h,PI,Agent_12,Northern Victoria,11955,6.3,Council_8,2,2,1,445.9,,1921,665138
Suburb_28,5,h,SA,Agent_8,Western Metro,14135,11.6,Council_21,6,1,0,,176,,841125
Suburb_35,4,h,S,Agent_15,Southern Metro,3987,13.6,Council_4,4,1,0,796.8,,1972,807066
Suburb_15,1,h,VB,Agent_6,South-Eastern Metro,4682,5.8,Council_8,0,2,3,,,,307498
Suburb_21,1,h,S,Agent_13,Eastern Metro,4598,3,Council_5,2,2,3,117.1,,,418758
Suburb_18,5,u,PI,Agent_4,Southern Metro,8598,2.6,Council_16,5,3,2,532.3,,1984,863000
Suburb_37,2,h,PI,Agent_12,Southern Metro,3136,1.6,Council_10,3,1,3,1283.3,219.3,,661865
Suburb_13,1,u,PI,Agent_20,Western Victoria,3914,18.8,Council_13,1,3,2,,142.4,1920,224524
Suburb_24,3,h,S,Agent_21,Northern Metro,14635,11.6,Council_20,3,1,0,0,61.2,,403497
Suburb_5,3,h,VB,Agent_18,Eastern Victoria,5606,10.1,Council_11,4,3,2,519,,1987,581380
Suburb_35,3,h,SP,Agent_19,Eastern Victoria,11825,5.3,Council_16,3,3,0,,117.2,,692685
Suburb_16,4,u,VB,Agent_2,Northern Metro,3819,5.3,Council_3,5,,3,,184.7,,662849
Suburb_14,5,h,VB,Agent_9,Northern Victoria,13983,13.9,Council_5,5,1,1,,,,777021
Suburb_24,4,t,PI,Agent_17,Northern Victoria,10560,2.3,Council_20,3,3,0,419.9,,2016,768862
Suburb_20,1,h,SP,Agent_21,Eastern Metro,12994,5.9,Council_19,0,1,1,665.7,238.3,,390141
Suburb_34,1,h,VB,Agent_15,South-Eastern Metro,7987,15,Council_14,2,3,2,155.5,215.4,2009,333349
Suburb_22,1,h,SA,Agent_22,Western Metro,13641,5.9,Council_8,1,2,3,,,1904,436262
Suburb_21,2,h,SA,Agent_7,Western Metro,5758,11.2,Council_5,2,2,2,483.2,,,535303
Suburb_5,2,h,SA,Agent_4,Western Metro,7445,7.3,Council_18,3,2,0,219.5,,1940,303844
Suburb_1,5,h,SP,Agent_3,Eastern Victoria,1392,0.8,Council_17,5,1,3,837.3,,,834129
Suburb_16,2,h,PI,Agent_15,South-Eastern Metro,2972,7.1,Council_6,2,,3,36.5,,2005,436201
Suburb_40,1,h,SP,Agent_17,Western Metro,11682,8,Council_13,2,3,1,333.4,157.8,,
Suburb_37,5,h,SA,Agent_8,Western Victoria,5239,6.8,Council_13,4,3,2,328.5,139.5,1927,718887
Suburb_26,2,t,SA,Agent_20,Eastern Victoria,1979,3.4,Council_11,1,3,3,1143.2,,,566601
Suburb_26,5,h,SA,Agent_19,Western Victoria,4740,6.8,Council_20,6,3,1,,,,903151
Suburb_16,4,h,S,Agent_10,South-Eastern Metro,5615,1.7,Council_3,3,3,0,0,123.5,,
Suburb_8,5,t,SP,Agent_6,Western Metro,10898,5.9,Council_6,6,2,0,,,1973,823098
Suburb_1,5,h,VB,Agent_19,Eastern Victoria,1812,11.8,Council_2,4,3,2,636.7,,1906,900775
Suburb_14,1,h,VB,Agent_17,Eastern Metro,872,18.2,Council_15,0,1,3,735.2,,1919,349694
Suburb_13,4,u,SP,Agent_5,Eastern Metro,10999,16.5,Council_14,5,3,2,,99.1,1989,474514
Suburb_8,3,t,S,Agent_7,Western Metro,2559,3.8,Council_21,3,2,2,922.1,,1989,596455
Suburb_11,4,u,S,Agent_13,Western Victoria,6584,2.7,Council_12,5,2,1,556.4,,2007,718769
Suburb_1,4,h,VB,Agent_13,Northern Victoria,10401,8.5,Council_4,4,2,1,,100.2,1963,677905
Suburb_25,3,t,PI,Agent_5,Western Metro,7955,7.7,Council_10,,1,0,,114.3,1951,601628
Suburb_38,2,h,PI,Agent_24,Western Metro,2289,10.8,Council_2,3,2,1,,138.2,1913,313129
Suburb_28,5,t,SA,Agent_10,Eastern Metro,10971,5,Council_15,4,2,2,302.6,,,838521
Suburb_18,4,u,S,Agent_10,South-Eastern Metro,1200,7.9,Council_15,3,1,3,374.9,169.2,,595551
Suburb_17,5,t,VB,Agent_2,Eastern Metro,3868,7.6,Council_19,6,3,3,124.3,86.6,1905,
Suburb_13,2,h,SP,Agent_22,Northern Victoria,2083,6,Council_8,1,1,3,360.5,,1959,492528
Suburb_6,5,h,SA,Agent_6,Eastern Metro,7932,2.2,Council_7,5,3,0,,206.7,1942,689477
Suburb_24,2,u,SA,Agent_25,Eastern Metro,10514,11.7,Council_2,2,1,3,719.2,95.9,1989,372381
Suburb_23,3,h,PI,Agent_13,Western Victoria,9923,8.5,Council_9,4,,0,383.6,223.4,,675865
Suburb_1,5,h,SP,Agent_22,Eastern Metro,2520,12.1,Council_10,4,1,2,,169.6,1926,804266
Suburb_17,2,t,SP,Agent_5,Northern Metro,5478,13.9,Council_16,1,1,3,18.9,,,495827
Suburb_12,2,h,S,Agent_5,Western Metro,2621,7.2,Council_16,2,1,3,562.9,,1916,
Suburb_7,5,h,SA,Agent_21,Northern Victoria,5469,11.7,Council_3,,3,2,521.8,,1993,965605
Suburb_29,5,h,S,Agent_21,Northern Metro,3839,18.4,Council_6,6,3,1,333.7,,,
Suburb_22,2,h,PI,Agent_14,Eastern Metro,11235,21.8,Council_11,2,2,2,359.8,161.2,1919,326998
Suburb_26,2,h,PI,Agent_1,Southern Metro,11388,9.2,Council_8,1,1,2,616.5,,,547556
Suburb_29,2,h,VB,Agent_24,Northern Victoria,12366,9.6,Council_1,3,3,2,917.2,28.5,,
Suburb_40,1,u,SA,Agent_10,South-Eastern Metro,3405,9.1,Council_18,1,2,1,266,181.6,,485295
Suburb_33,3,u,PI,Agent_24,Western Victoria,695,10.5,Council_16,,2,1,526.7,127.6,,642516
Suburb_25,2,h,VB,Agent_22,Western Metro,1012,13.5,Council_11,3,3,2,787.5,196.7,,481057
Suburb_36,5,h,PI,Agent_22,Eastern Victoria,12730,9,Council_7,4,2,0,,178.9,,887934
Suburb_20,1,u,PI,Agent_18,Southern Metro,13635,21.1,Council_18,1,2,3,495.3,,1960,
Suburb_40,4,u,S,Agent_17,Eastern Victoria,3570,19.4,Council_1,4,3,0,488.6,211.4,1993,788517
Suburb_31,3,u,SP,Agent_14,Northern Victoria,13206,8,Council_10,3,2,3,106.6,,,723862
Suburb_27,4,h,PI,Agent_1,Eastern Victoria,8181,8,Council_17,3,3,0,550.5,159.8,1967,943673
Suburb_37,1,u,S,Agent_10,Eastern Victoria,3179,5.7,Council_21,1,,2,509.5,141.7,1994,520499
Suburb_21,3,h,SP,Agent_19,Northern Victoria,5037,10.9,Council_6,3,3,1,,251,1951,669368
Suburb_29,4,h,PI,Agent_21,Eastern Metro,4347,6.4,Council_14,3,1,2,,,,496922
Suburb_12,2,u,PI,Agent_14,Northern Victoria,11572,5.6,Council_4,1,1,1,503,130.6,,529945
Suburb_39,5,h,SA,Agent_18,Eastern Victoria,3234,10.7,Council_3,4,2,3,914.5,,,
Suburb_25,3,h,SA,Agent_1,Western Victoria,3154,3.6,Council_8,4,2,0,,193.6,,562009
Suburb_32,2,h,VB,Agent_12,Western Victoria,10933,13.6,Council_19,3,3,3,884,115.1,1992,448835
Suburb_19,1,h,S,Agent_13,Southern Metro,4881,11,Council_15,1,1,2,146.9,121.8,1936,473769
Suburb_35,1,h,PI,Agent_23,Northern Victoria,4125,18.8,Council_11,1,3,3,635.3,119,1965,364312
Suburb_3,3,u,VB,Agent_8,Northern Metro,12213,9.3,Council_6,2,3,0,,,,750270
Suburb_5,3,h,PI,Agent_6,South-Eastern Metro,14006,12,Council_3,2,3,0,,,2012,458440
Suburb_21,5,h,PI,Agent_9,Western Victoria,8552,1.1,Council_6,6,3,1,268.3,,1999,766492
Suburb_30,4,u,PI,Agent_5,Northern Metro,12500,12.9,Council_4,3,3,1,0,177.5,1998,891498
Suburb_33,1,h,PI,Agent_14,South-Eastern Metro,12698,15.7,Council_4,0,2,3,396.6,23.2,1990,209204
Suburb_18,3,t,PI,Agent_17,Western Victoria,9031,8.7,Council_15,,2,3,,201.2,,655640
Suburb_26,3,h,S,Agent_21,Eastern Victoria,12530,5.7,Council_3,3,2,1,,243.5,1945,838165
Suburb_23,1,h,PI,Agent_25,Western Metro,629,9.4,Council_1,0,3,3,,,,480769
Suburb_39,4,h,SP,Agent_2,Northern Metro,1012,13.6,Council_12,4,1,0,,228,,639076
Suburb_27,3,u,VB,Agent_7,Western Victoria,13313,14.7,Council_7,4,2,2,621.4,148.5,2014,551670
Suburb_17,1,h,SA,Agent_8,Western Victoria,2536,2.2,Council_10,1,2,0,658.9,,2005,537014
Suburb_39,3,t,PI,Agent_7,Northern Victoria,11052,32.3,Council_3,3,2,2,417.6,122.6,2007,316210
Suburb_5,4,h,SP,Agent_21,Western Victoria,6591,5.6,Council_5,4,2,1,524.9,,,
Suburb_40,2,h,SA,Agent_4,Northern Metro,11924,12.1,Council_10,2,3,1,,145.2,,557971
Suburb_7,2,h,VB,Agent_1,Northern Victoria,10145,16.8,Council_15,3,1,1,542.6,252.5,1917,562110
Suburb_12,1,h,PI,Agent_22,Northern Metro,1541,7.6,Council_9,0,3,1,512.8,182.1,,539442
Suburb_33,2,h,S,Agent_25,Western Victoria,5384,15,Council_12,1,3,3,,119.1,,629151
Suburb_30,5,h,S,Agent_6,South-Eastern Metro,10774,2.2,Council_11,4,3,3,,169.7,1943,849781
Suburb_39,4,h,SP,Agent_9,Western Victoria,13862,1.6,Council_6,4,3,1,369.4,,,786371
Suburb_30,1,h,SP,Agent_13,Northern Victoria,12166,15.3,Council_6,1,2,1,,,,
Suburb_26,3,h,VB,Agent_14,Northern Metro,13432,14.3,Council_9,3,1,2,348.3,307.6,,590922
Suburb_14,1,h,PI,Agent_25,Northern Metro,14371,10.1,Council_1,2,2,2,456.3,119,,622128
Suburb_1,3,h,SA,Agent_11,Eastern Metro,13466,13.7,Council_15,3,1,0,262.8,210.2,,551090
Suburb_5,1,h,PI,Agent_1,South-Eastern Metro,8916,19.7,Council_13,0,1,2,,,,208126
Suburb_12,4,h,SA,Agent_11,Southern Metro,5374,17.1,Council_7,4,3,3,675.3,108,1907,571974
Suburb_2,3,h,PI,Agent_14,Eastern Victoria,7866,7.8,Council_8,3,2,3,436.4,124.5,,589252
Suburb_21,4,h,SP,Agent_13,Southern Metro,12037,9.3,Council_7,,2,2,0,211.1,2011,676896
Suburb_32,3,u,VB,Agent_13,Western Metro,6668,7,Council_14,3,3,1,,158.7,,540811
Suburb_39,2,h,PI,Agent_24,Southern Metro,12546,6.5,Council_16,3,1,1,536.1,,1968,518737
Suburb_20,2,h,SP,Agent_21,Western Metro,10668,12.9,Council_3,,3,2,202,51.8,1903,448878
Suburb_36,2,u,PI,Agent_7,Western Metro,3535,7,Council_9,1,2,1,732,,1907,612817
Suburb_40,3,h,VB,Agent_9,Northern Metro,13851,12.9,Council_1,3,2,0,80.5,,1950,738720
Suburb_35,3,h,SP,Agent_17,Northern Victoria,12770,7.6,Council_10,2,2,2,,146.2,2007,783006
Suburb_19,4,t,VB,Agent_11,Eastern Victoria,9196,8.3,Council_6,3,2,0,482.8,,1945,906835
Suburb_14,1,t,SA,Agent_11,Western Victoria,3314,4.6,Council_8,1,,3,0,,2006,400523
Suburb_40,2,u,PI,Agent_5,Eastern Metro,3795,12.7,Council_10,,2,1,,,1964,587491
Suburb_10,5,h,SP,Agent_7,Western Victoria,12671,2.1,Council_7,5,1,1,,,1916,
Suburb_17,5,h,PI,Agent_19,Western Victoria,754,15.7,Council_9,4,1,0,332.9,122.1,,657838
Suburb_3,5,t,SA,Agent_22,Western Victoria,7512,25.8,Council_17,6,,0,278.7,280.8,1943,707690
Suburb_32,2,t,S,Agent_20,Eastern Metro,9477,8.4,Council_18,2,1,3,461.8,204.7,,353534
Suburb_26,1,h,SA,Agent_8,Eastern Victoria,3871,8.2,Council_1,0,2,2,354.4,,,398824
Suburb_4,1,h,PI,Agent_4,Northern Victoria,13036,2.7,Council_8,0,3,3,0,272.2,1924,745872
Suburb_9,1,h,SA,Agent_4,Northern Metro,8073,5.8,Council_18,0,1,3,881.6,,,454790
Suburb_23,5,h,VB,Agent_10,Eastern Metro,1456,13.7,Council_12,,1,0,426.7,151.8,,729764
Suburb_22,5,u,VB,Agent_13,South-Eastern Metro,5142,14.9,Council_5,5,1,1,280.4,203.8,1993,595086
Suburb_33,5,h,SA,Agent_23,Southern Metro,6264,9.1,Council_13,5,3,3,,,1909,555375
Suburb_11,4,h,S,Agent_23,Western Metro,3730,13.3,Council_4,4,3,1,731.2,,2015,842571
Suburb_37,2,h,PI,Agent_1,Eastern Victoria,14130,4.7,Council_1,3,1,2,110.5,115.6,,541400
Suburb_18,3,h,S,Agent_18,Southern Metro,5727,10.4,Council_14,4,2,2,540.2,162.3,,702611
Suburb_33,5,h,SP,Agent_8,Western Metro,7774,18,Council_11,5,3,2,324.9,,1922,730931
Suburb_10,5,h,S,Agent_5,Southern Metro,8261,11.6,Council_16,6,3,3,,145.4,,878592
Suburb_2,3,h,VB,Agent_14,Northern Victoria,3699,19.5,Council_8,4,2,3,168.9,,1938,376768
Suburb_3,5,t,VB,Agent_1,Southern Metro,8734,19.9,Council_18,6,,2,,,1984,735992
Suburb_15,2,h,VB,Agent_9,Western Victoria,5628,10.8,Council_9,1,3,2,502.6,,1933,496140
Suburb_39,3,h,S,Agent_14,Northern Metro,649,0.4,Council_16,3,3,1,570.6,152.5,,651647
Suburb_2,5,h,SP,Agent_7,Western Victoria,6418,14.7,Council_3,5,2,0,264.3,158.9,,779258
Suburb_15,2,h,VB,Agent_15,Eastern Victoria,8965,3.4,Council_3,1,1,2,472.7,,1954,
Suburb_5,4,h,SA,Agent_12,Eastern Victoria,2200,0.9,Council_17,3,3,0,766.5,160.4,1954,853848
Suburb_38,3,h,SA,Agent_20,Eastern Victoria,11801,1.9,Council_18,3,1,2,1.2,119.1,,633744
Suburb_28,2,h,S,Agent_5,Southern Metro,10081,15.3,Council_20,2,3,1,498.1,35.5,1935,407845
Suburb_31,2,h,PI,Agent_2,Western Victoria,4994,10.8,Council_7,3,3,3,,64,,481564
Suburb_29,4,u,S,Agent_14,Northern Victoria,9086,9.2,Council_1,5,2,3,,122,,744224
Suburb_27,3,h,SA,Agent_7,Western Victoria,4903,11.5,Council_21,2,2,2,578.3,143.5,2019,653998
Suburb_31,2,h,S,Agent_18,Western Victoria,9891,2,Council_13,3,1,2,336.4,,1910,606344
Suburb_1,4,h,SA,Agent_3,Northern Victoria,2732,7,Council_6,4,3,1,135,171.1,1930,693433
Suburb_35,1,h,S,Agent_15,Eastern Metro,9356,5.2,Council_17,1,,1,897.3,,1991,420589
Suburb_30,1,h,S,Agent_25,Northern Metro,1298,8.8,Council_19,2,1,0,776,95.1,1943,492604
Suburb_30,5,h,SA,Agent_3,Northern Metro,741,9,Council_6,5,3,0,,,1929,909542
Suburb_16,4,h,PI,Agent_8,Western Metro,4187,11.2,Council_17,3,3,2,57.7,232.2,,801686
Suburb_33,3,h,PI,Agent_22,Eastern Victoria,3029,12.2,Council_17,2,2,3,678,83.6,,635322
Suburb_16,1,t,VB,Agent_14,Northern Victoria,7615,2.1,Council_11,1,2,0,414.5,164.6,2002,531745
Suburb_2,3,t,SP,Agent_5,Western Metro,2900,7.1,Council_14,2,2,1,,35.7,1900,468705
Suburb_37,3,t,VB,Agent_6,Southern Metro,4044,8.1,Council_6,2,1,2,684.9,61.5,,569062
Suburb_10,3,h,PI,Agent_20,Northern Victoria,1920,3.3,Council_20,4,2,2,589.8,,1966,553990
Suburb_5,1,h,SP,Agent_22,South-Eastern Metro,13360,3.1,Council_21,0,3,2,193.4,,2001,445206
Suburb_25,3,h,SP,Agent_10,Western Victoria,11164,1.9,Council_21,,2,2,,,1974,566859
Suburb_10,3,h,S,Agent_12,South-Eastern Metro,3656,2.7,Council_16,3,3,0,,101,1982,734198
Suburb_35,2,h,SP,Agent_20,Northern Victoria,2241,13.2,Council_1,1,3,,891.6,,,506536
Suburb_18,1,h,PI,Agent_5,Western Victoria,12828,2.3,Council_8,0,3,1,626.6,,,
Suburb_1,5,h,S,Agent_6,Western Metro,10188,2.7,Council_10,6,3,0,252.6,102.9,1997,972831
Suburb_39,4,h,S,Agent_20,Western Victoria,13344,8.6,Council_21,4,3,1,,,1960,892954
Suburb_21,4,h,VB,Agent_5,Eastern Metro,3086,10.4,Council_12,5,3,1,,134.1,,626206
Suburb_11,4,u,PI,Agent_20,Southern Metro,5702,7.9,Council_12,4,3,3,434.7,156.8,,807247
Suburb_28,4,h,S,Agent_13,Western Metro,2215,3.8,Council_4,4,3,1,665.1,,,826328
Suburb_22,1,u,VB,Agent_25,Southern Metro,6638,3.1,Council_17,0,3,3,370.5,176.4,1956,517206
Suburb_2,3,h,VB,Agent_1,Northern Metro,2856,8.4,Council_8,3,3,2,525.6,,2003,584845
Suburb_31,5,h,S,Agent_24,Western Victoria,560,7.4,Council_2,4,,2,,249.8,,1170377
Suburb_17,2,h,SP,Agent_6,Eastern Victoria,7871,6.2,Council_21,3,2,3,499.8,,2006,565136
Suburb_28,5,h,SP,Agent_1,Southern Metro,14696,12.9,Council_4,4,3,,513.1,,1906,834507
Suburb_36,1,h,VB,Agent_19,Eastern Victoria,9859,7.1,Council_1,0,3,0,1039.7,183,,625847
Suburb_25,2,h,S,Agent_14,Northern Metro,11475,2.9,Council_2,2,2,1,0,208.5,1950,707218
Suburb_27,2,h,SA,Agent_21,Eastern Metro,12272,6.3,Council_10,2,1,2,,,1966,365022
Suburb_11,4,h,SP,Agent_3,South-Eastern Metro,14597,11.1,Council_3,3,3,3,,138.8,,822156
Suburb_10,1,h,S,Agent_3,Eastern Metro,2364,6.8,Council_18,1,2,0,427.5,206.1,,315288
Suburb_17,2,t,SA,Agent_15,South-Eastern Metro,4135,10.9,Council_11,1,2,1,448.6,207.3,,523118
Suburb_35,4,h,S,Agent_23,Eastern Victoria,9434,12.2,Council_7,5,3,0,250,,,815080
Suburb_21,2,h,S,Agent_11,Northern Metro,12405,7.1,Council_1,2,1,0,220.2,161.9,,689139
Suburb_14,5,h,SA,Agent_20,Northern Metro,11720,7.9,Council_11,6,2,3,,143.6,2006,901776
Suburb_32,5,h,PI,Agent_23,Western Victoria,11050,6.6,Council_4,6,1,0,311.2,20,2017,637211
Suburb_35,2,h,PI,Agent_22,Northern Victoria,5029,11.1,Council_21,2,1,3,203.2,,2001,435357
Suburb_37,3,h,VB,Agent_13,Northern Victoria,5790,6.4,Council_7,4,3,3,535.4,,1954,607469
Suburb_12,2,u,VB,Agent_18,Western Metro,1655,10.5,Council_10,,2,3,,,1949,550554
Suburb_29,2,h,VB,Agent_14,Western Metro,5051,9.1,Council_1,3,1,0,,198.8,,589401
Suburb_24,4,h,S,Agent_17,South-Eastern Metro,2761,1.9,Council_3,4,2,0,364.3,71.4,1977,712914
Suburb_18,2,h,PI,Agent_15,Northern Victoria,14103,10.8,Council_5,3,1,1,,119.9,1994,211108
Suburb_16,1,t,SP,Agent_14,Southern Metro,1827,8.6,Council_2,0,3,2,341.4,,1957,380673
Suburb_5,2,u,SA,Agent_11,South-Eastern Metro,5769,16,Council_16,1,1,3,,,1955,404848
Suburb_11,5,t,PI,Agent_17,South-Eastern Metro,13364,3.4,Council_20,6,2,1,525.7,113.5,,794378
Suburb_22,2,u,S,Agent_19,Northern Metro,14359,9.2,Council_21,2,2,0,820.2,,1920,597886
Suburb_36,2,u,SA,Agent_23,Western Metro,5962,5.8,Council_6,1,1,3,,161.7,1998,573627
Suburb_35,4,h,SP,Agent_16,Eastern Victoria,7248,2,Council_17,4,3,3,,204.2,,945503
Suburb_8,1,t,SP,Agent_3,Northern Victoria,8088,1.5,Council_11,0,2,2,,201,,529018
Suburb_28,2,h,SA,Agent_15,Southern Metro,12422,17.9,Council_1,2,2,2,,,1941,367540
Suburb_4,1,h,VB,Agent_8,Northern Metro,11645,9.2,Council_2,2,2,3,,48.2,1906,360276
Suburb_28,5,h,SA,Agent_1,Northern Victoria,8099,7,Council_12,6,3,1,379.9,,1905,958573
Suburb_14,5,h,VB,Agent_2,Western Metro,5886,2.5,Council_9,5,1,0,220,,1981,982810
Suburb_18,4,h,SA,Agent_15,Western Victoria,5899,17.3,Council_1,4,3,2,274.4,167.2,,805765
Suburb_29,2,h,S,Agent_24,Northern Victoria,9911,4.9,Council_20,3,2,1,376.9,,,495940
Suburb_17,4,h,PI,Agent_13,Western Victoria,12611,9.5,Council_16,3,1,3,797.7,,,764286
Suburb_33,4,u,SP,Agent_12,Southern Metro,1611,8.4,Council_11,3,2,3,,,1908,712396
Suburb_22,5,h,SP,Agent_3,Western Metro,11648,22,Council_21,4,3,1,221.6,94.8,1981,744232
Suburb_40,1,u,SP,Agent_17,Southern Metro,7473,7.8,Council_21,2,1,,344.6,122.5,1972,493228
Suburb_26,4,h,SP,Agent_2,Northern Victoria,2605,5.6,Council_21,4,,1,,265.7,1939,864881
Suburb_12,1,u,PI,Agent_22,Southern Metro,1899,9.3,Council_6,0,2,2,742.9,,1987,
Suburb_32,3,h,SA,Agent_21,Western Metro,5387,9.9,Council_19,2,3,2,543.7,212.9,,702813
Suburb_17,5,t,VB,Agent_25,Eastern Metro,4100,30.7,Council_11,4,2,2,,,1962,398869
Suburb_22,1,h,SP,Agent_8,Southern Metro,2009,7.7,Council_16,2,3,2,660.9,,,401352
Suburb_6,1,h,PI,Agent_5,Northern Metro,4753,3.3,Council_19,1,3,3,321.1,109.1,,373624
Suburb_5,5,h,PI,Agent_8,Northern Victoria,12588,6.2,Council_4,4,3,1,909.2,161.1,,687273
Suburb_23,1,h,SP,Agent_20,Western Victoria,10904,9.3,Council_10,0,2,0,499.5,139.6,,429117
Suburb_8,4,h,PI,Agent_6,Southern Metro,3531,10.3,Council_3,,3,3,,120.6,,687405
Suburb_40,3,u,VB,Agent_23,Western Metro,10274,2.3,Council_6,3,1,3,,,,594533
Suburb_35,2,t,SP,Agent_4,Southern Metro,7049,5.8,Council_9,3,3,2,869.6,102.4,1997,594586
Suburb_29,5,u,PI,Agent_2,Eastern Victoria,11332,21.2,Council_18,4,3,1,372.5,139.2,2011,
Suburb_30,5,h,VB,Agent_6,Western Metro,4085,4.2,Council_19,4,1,1,784.9,216.8,1957,876318
Suburb_24,2,h,PI,Agent_19,Western Victoria,1395,13.1,Council_9,1,2,1,312.4,59.2,1932,351674
Suburb_3,1,u,SP,Agent_16,Southern Metro,5036,6.4,Council_7,1,3,0,270.3,170.8,1974,466708
Suburb_16,1,u,PI,Agent_9,Northern Metro,14911,8,Council_12,2,1,2,697.9,232.8,,553647
Suburb_20,1,h,VB,Agent_17,Northern Victoria,8559,2.6,Council_20,1,3,1,,139,,474622
Suburb_37,5,t,SP,Agent_17,South-Eastern Metro,1289,6.8,Council_21,4,3,,746.8,118.3,1901,813457
Suburb_9,3,h,PI,Agent_14,Western Victoria,14643,9.2,Council_5,3,3,2,605.5,205.5,1923,596396
Suburb_20,4,u,VB,Agent_13,Eastern Victoria,12473,7.8,Council_4,4,1,3,237.9,,1911,619369
Suburb_14,2,t,SP,Agent_3,Western Victoria,8383,7.1,Council_15,1,3,0,478.6,148.6,,580366
Suburb_6,5,u,SP,Agent_7,South-Eastern Metro,11233,11.1,Council_7,6,3,3,335.4,,,635715
Suburb_5,4,h,SA,Agent_14,Eastern Metro,3179,3.1,Council_5,4,1,2,604.7,37.8,,350191
Suburb_15,4,h,SP,Agent_4,Western Metro,9080,9.5,Council_1,,,3,1066.3,,1991,823211
Suburb_4,3,h,PI,Agent_12,Southern Metro,13738,1.4,Council_9,3,2,1,388.8,,,702690
Suburb_3,4,u,S,Agent_3,Western Metro,6863,15.2,Council_9,5,3,,,149.3,,
Suburb_15,3,h,SA,Agent_20,Eastern Metro,1064,7.2,Council_12,4,1,2,,216.9,,711393
Suburb_9,2,u,PI,Agent_3,Northern Metro,11478,12.6,Council_5,1,3,2,507.2,261.3,,707156
Suburb_23,3,t,VB,Agent_3,Southern Metro,11086,0.7,Council_16,,2,2,450.4,155.6,1925,815876
Suburb_1,2,h,VB,Agent_16,Northern Victoria,11227,11.5,Council_15,2,1,1,242.8,,1942,525068
Suburb_13,5,h,SP,Agent_6,Eastern Metro,9902,4.7,Council_10,5,2,2,600.5,173.9,1999,822856
Suburb_19,4,h,SP,Agent_9,Western Victoria,2489,8,Council_4,3,3,3,,127,1905,
Suburb_39,4,h,VB,Agent_8,Western Metro,2160,11.6,Council_11,5,3,3,,,,485234
Suburb_26,4,h,SA,Agent_6,Western Victoria,11993,7.6,Council_15,5,1,0,804.3,247.6,1970,635954
Suburb_36,3,h,S,Agent_20,South-Eastern Metro,12899,10.8,Council_8,2,3,2,529.7,,1968,734412
Suburb_14,5,h,SA,Agent_18,Northern Metro,1639,6.4,Council_6,5,2,3,431.6,,,879924
Suburb_18,2,h,SA,Agent_6,Southern Metro,8924,15.9,Council_11,3,1,2,902,182.2,1945,393102
Suburb_17,3,h,S,Agent_18,South-Eastern Metro,7757,7.2,Council_8,3,2,1,,91.4,2009,514221
Suburb_36,1,h,S,Agent_18,Northern Victoria,5575,7.3,Council_9,0,3,1,,,1928,593353
Suburb_39,2,h,VB,Agent_14,Eastern Metro,9853,7.4,Council_8,3,1,2,235.9,,,520396
Suburb_39,3,h,SA,Agent_15,Northern Victoria,13756,7.9,Council_7,2,1,2,,242.1,1943,595647
Suburb_31,3,h,SP,Agent_24,Western Victoria,12414,3.2,Council_16,3,1,1,323.6,,,832391
Suburb_21,5,u,VB,Agent_12,Western Metro,2719,4.1,Council_10,5,2,1,223.1,107.3,1996,870184
Suburb_22,4,h,SA,Agent_10,Northern Metro,7215,13.6,Council_10,5,1,,894.2,156,2001,859678
Suburb_40,3,h,SP,Agent_14,Eastern Metro,14068,12.6,Council_14,3,3,0,1056.9,,1910,588665
Suburb_12,3,t,SP,Agent_21,Western Victoria,3934,12.1,Council_8,4,1,0,,222,,542459
Suburb_14,4,h,SA,Agent_18,Eastern Victoria,12883,10.3,Council_3,5,1,0,,194.4,1945,805865
Suburb_36,4,h,SP,Agent_2,Eastern Victoria,7614,5.7,Council_18,5,1,1,517.1,48.5,1952,725276
Suburb_16,2,h,PI,Agent_12,Western Victoria,8060,5.3,Council_2,3,,2,1019.2,,1907,527555
Suburb_10,3,h,PI,Agent_19,Northern Metro,4128,7.7,Council_13,4,3,1,0,139.3,2007,467191
Suburb_23,3,h,PI,Agent_6,Eastern Metro,13829,14.9,Council_6,4,1,,,152.2,2007,544102
Suburb_14,1,u,SP,Agent_25,Northern Metro,8166,8.9,Council_5,2,2,0,281.9,,1950,375230
Suburb_36,5,u,VB,Agent_21,Northern Metro,8835,4,Council_1,5,3,1,0,,1992,911195
Suburb_37,3,h,VB,Agent_22,Eastern Victoria,7206,2.7,Council_19,2,3,0,,,,765388
Suburb_13,2,h,SP,Agent_3,Western Victoria,1794,12.8,Council_10,1,1,1,1054.4,,1978,396735
Suburb_22,4,h,PI,Agent_15,Southern Metro,11817,17.6,Council_8,5,3,2,,,2004,563808
Suburb_40,4,h,S,Agent_14,South-Eastern Metro,5264,2.2,Council_16,3,3,1,,123.1,1911,
Suburb_30,5,h,SP,Agent_16,Northern Victoria,3981,13,Council_1,6,3,1,,,,673024
Suburb_9,1,u,SA,Agent_22,Northern Metro,11839,10.1,Council_12,2,2,2,496.2,143.4,,471929
Suburb_24,3,t,PI,Agent_9,Western Victoria,3399,4.6,Council_11,3,2,3,536.1,,2007,659030
Suburb_25,1,h,VB,Agent_14,Eastern Victoria,10399,9,Council_12,2,3,0,,,1971,460354
Suburb_27,3,u,SA,Agent_17,Northern Victoria,7375,3.5,Council_3,2,3,0,,,1947,826909
Suburb_2,3,h,VB,Agent_19,South-Eastern Metro,12099,6.9,Council_21,3,2,0,,,,609628
Suburb_12,3,h,VB,Agent_20,Western Metro,1232,8,Council_6,4,3,2,518.2,167.3,,782452
Suburb_35,5,t,VB,Agent_9,Eastern Victoria,11731,15.8,Council_15,6,2,3,610.2,92.2,1932,852160
Suburb_10,3,h,PI,Agent_25,Western Metro,3825,6.7,Council_16,2,3,0,539.9,,,489123
Suburb_12,3,u,VB,Agent_1,Western Victoria,13124,5,Council_8,4,1,0,1157.6,,2019,599209
Suburb_13,1,u,SP,Agent_13,Northern Metro,5628,9.7,Council_3,1,3,2,370.8,229.9,1963,628039
Suburb_8,2,t,SA,Agent_16,Southern Metro,601,11,Council_7,3,,3,,,1916,
Suburb_7,5,h,S,Agent_2,Western Victoria,7570,4.9,Council_17,5,2,2,,120,1905,750728
Suburb_14,3,h,SA,Agent_12,Eastern Metro,1293,3.9,Council_20,3,1,3,,,1946,727420
Suburb_35,5,u,SA,Agent_15,Eastern Metro,4406,4.1,Council_20,4,2,2,,,1907,623504
Suburb_1,3,u,S,Agent_16,Eastern Victoria,10891,15.8,Council_5,3,1,0,555.4,,,432913
Suburb_12,3,h,VB,Agent_3,Southern Metro,8629,10.7,Council_13,4,3,1,381.9,213.8,1949,616373
Suburb_3,3,u,SA,Agent_7,Northern Victoria,10777,6.4,Council_4,4,3,3,,210.9,2005,831927
Suburb_23,3,h,PI,Agent_7,Eastern Metro,13237,14.3,Council_15,2,2,2,,,1940,519483
Suburb_11,1,h,SP,Agent_16,Southern Metro,7286,4.8,Council_9,0,3,0,613.6,,1933,569799
Suburb_32,1,u,SA,Agent_9,Western Victoria,8384,7.5,Council_15,2,3,0,,168.1,,404540
Suburb_24,3,h,PI,Agent_15,Southern Metro,1344,3.5,Council_15,,1,2,298.9,265.7,1976,658342
Suburb_32,3,h,S,Agent_19,Northern Metro,4659,14,Council_21,4,1,1,,,,552696
Suburb_26,3,t,SP,Agent_20,South-Eastern Metro,11001,4.6,Council_11,2,1,2,,,1910,458758
Suburb_18,3,u,VB,Agent_5,Eastern Victoria,1398,4.7,Council_8,3,1,1,488.4,175.2,1920,543498
Suburb_35,2,u,PI,Agent_23,Southern Metro,5708,9.8,Council_12,1,2,1,444.2,,,509951
Suburb_20,4,h,SP,Agent_5,South-Eastern Metro,2481,1.3,Council_4,5,2,2,212.4,,1925,838808
Suburb_38,4,t,VB,Agent_1,Northern Victoria,12931,3,Council_3,,2,0,859.6,99.2,,786371
Suburb_40,1,h,S,Agent_2,Eastern Victoria,8637,11.9,Council_11,0,1,1,391.1,,1952,283711
Suburb_24,3,h,SP,Agent_6,Southern Metro,9844,4.1,Council_18,2,3,1,,162.9,2012,834390
Suburb_27,4,h,PI,Agent_22,Western Victoria,10413,26,Council_12,5,3,3,503.8,,1929,712440
Suburb_11,4,u,S,Agent_6,Northern Victoria,3752,8.7,Council_17,3,2,2,694.5,135.7,,637165
Suburb_33,2,t,SP,Agent_18,Eastern Victoria,1220,2.1,Council_4,3,1,1,667.3,148.7,,492219
Suburb_27,5,u,SA,Agent_11,Eastern Metro,6267,0.9,Council_10,6,2,1,,,,777623
Suburb_37,4,h,SA,Agent_1,Western Victoria,3190,18.1,Council_13,3,3,0,610.2,261.8,,
Suburb_11,3,h,SA,Agent_12,South-Eastern Metro,5168,8.7,Council_8,,3,0,1078.5,159.3,1909,700561
Suburb_32,4,h,SP,Agent_1,Southern Metro,5126,7,Council_1,,1,1,575.5,,1989,891039
Suburb_19,5,h,S,Agent_12,Western Victoria,11839,8.7,Council_2,4,3,3,,151.8,2006,812709
Suburb_8,2,h,SA,Agent_14,Eastern Victoria,5136,2.1,Council_20,2,3,0,,,,595445
Suburb_7,1,h,SP,Agent_14,Eastern Metro,2694,7.7,Council_13,0,2,0,592.1,60,1997,164550
Suburb_23,3,u,VB,Agent_8,Northern Victoria,14396,4.3,Council_6,3,2,2,555.9,,1933,490533
Suburb_13,1,u,S,Agent_20,Western Metro,1211,7.4,Council_6,1,2,0,,,,490220
Suburb_5,5,u,VB,Agent_15,Northern Victoria,3454,5.8,Council_1,6,1,,,154.7,2002,693767
Suburb_18,5,h,PI,Agent_7,Western Victoria,5535,8.4,Council_20,6,2,3,94.4,162.4,1972,618972
Suburb_27,4,h,SA,Agent_11,Western Victoria,1406,6.4,Council_3,4,1,,,,,665201
Suburb_13,5,h,S,Agent_3,Southern Metro,13541,5.5,Council_16,5,1,1,444.8,,,
Suburb_39,1,h,PI,Agent_24,Western Victoria,5618,4,Council_6,1,2,,382.5,,,444770
Suburb_32,4,h,SA,Agent_19,Western Metro,11842,2.2,Council_8,,2,1,888.8,,,868705
Suburb_21,3,h,SP,Agent_8,South-Eastern Metro,2449,1.8,Council_6,2,3,0,280.1,112.7,,668882
Suburb_38,2,h,VB,Agent_17,Eastern Victoria,8063,3,Council_18,1,2,2,,,1993,656710
Suburb_18,2,u,S,Agent_17,Western Metro,2335,11.3,Council_1,2,3,,738.7,,1929,
Suburb_6,3,h,VB,Agent_16,Western Metro,3858,3.8,Council_8,4,3,1,,,1979,573170
Suburb_2,4,h,SP,Agent_2,Western Metro,6408,5,Council_6,5,2,0,,,,767160
Suburb_38,1,h,PI,Agent_22,Eastern Victoria,13009,5,Council_6,0,3,2,,122.8,,502230
Suburb_39,4,h,SA,Agent_24,Western Metro,4942,5.8,Council_5,3,2,1,,224.4,,656043
Suburb_30,5,h,VB,Agent_25,Eastern Metro,11444,10.2,Council_20,5,2,3,,172.9,,743555
Suburb_5,1,h,PI,Agent_25,Eastern Metro,1830,6.3,Council_8,1,1,3,367.3,,1982,95687
Suburb_12,5,h,S,Agent_24,Southern Metro,4147,12.6,Council_9,5,1,3,84.7,,1920,777601
Suburb_2,4,h,SP,Agent_19,Western Metro,9262,3.1,Council_9,3,2,1,,167.4,1937,734805
Suburb_3,2,t,SA,Agent_2,Northern Metro,7289,11.8,Council_21,3,1,3,418.3,,2019,616273
Suburb_10,4,h,SP,Agent_12,Northern Metro,7774,16.8,Council_8,5,2,0,118.3,,,659366
Suburb_23,4,h,VB,Agent_7,South-Eastern Metro,10335,7.6,Council_8,5,1,1,,,1969,894277
Suburb_3,4,h,PI,Agent_6,Northern Metro,1617,3.6,Council_7,4,1,1,361.3,,1918,856850
Suburb_40,1,h,SP,Agent_21,Northern Victoria,10584,10.3,Council_7,0,2,3,,20,1984,306235
Suburb_19,1,h,VB,Agent_21,Eastern Victoria,13009,7.7,Council_2,1,2,2,546.5,,1915,460560
Suburb_11,4,u,SP,Agent_14,South-Eastern Metro,11608,9.3,Council_13,3,3,1,,,,827870
Suburb_21,2,h,SP,Agent_19,Western Metro,4628,12.8,Council_1,1,3,0,,147.9,,580267
Suburb_32,2,h,PI,Agent_4,Southern Metro,5588,6,Council_5,2,,3,396.8,186.6,1983,665851
Suburb_13,3,h,VB,Agent_6,Western Victoria,14440,5.4,Council_5,3,1,2,,165.6,1900,689059
Suburb_2,4,h,SA,Agent_22,Eastern Victoria,11954,28.9,Council_7,3,2,3,570.8,190.7,,441955
Suburb_3,1,h,VB,Agent_12,Northern Victoria,14007,10.4,Council_16,2,1,1,,133.9,,325579
Suburb_35,5,h,VB,Agent_14,Northern Metro,13745,14.1,Council_13,4,1,0,694,239.9,1928,574455
Suburb_5,3,h,VB,Agent_12,Northern Metro,6794,12.4,Council_21,3,1,1,545,,1935,591914
Suburb_26,1,t,SP,Agent_6,Eastern Metro,2376,14.2,Council_8,1,2,2,669.2,,1984,
Suburb_16,1,u,SP,Agent_21,Southern Metro,3814,9.5,Council_20,1,1,0,113.9,,1966,362723
Suburb_32,5,t,PI,Agent_19,Eastern Victoria,4765,13.2,Council_1,6,2,0,,219.4,1969,782064
Suburb_3,1,h,VB,Agent_18,Southern Metro,12605,5,Council_11,2,1,3,172.5,211.3,2012,496013
Suburb_36,3,u,VB,Agent_9,Eastern Metro,4505,2.1,Council_17,4,2,2,723.4,143.2,1948,696114
Suburb_28,4,h,S,Agent_17,Western Victoria,5738,4.1,Council_12,4,2,1,78.5,209.4,2004,925261
Suburb_18,3,h,VB,Agent_24,Eastern Victoria,12843,7,Council_20,2,,2,221.4,,2016,594367
Suburb_9,2,t,SP,Agent_17,Southern Metro,2871,6.4,Council_7,2,1,2,660.3,,1969,645300
Suburb_40,1,u,SA,Agent_13,Western Metro,10122,7.7,Council_1,1,3,0,,,,554867
Suburb_13,4,u,VB,Agent_7,Northern Victoria,8498,4.8,Council_17,4,3,1,221.5,112.5,1950,859407
Suburb_20,3,u,SA,Agent_14,South-Eastern Metro,14774,1.5,Council_2,3,1,,772,289.8,1905,763618
Suburb_16,1,h,VB,Agent_10,Western Victoria,7596,5.9,Council_17,0,3,0,784.3,,1983,289798
Suburb_10,1,u,PI,Agent_16,Eastern Victoria,8057,2.8,Council_16,1,1,0,,188.2,1932,554048
Suburb_17,3,h,S,Agent_2,Western Victoria,12825,7.5,Council_18,4,3,1,,108.2,,758261
Suburb_7,1,t,SP,Agent_5,Northern Metro,14879,9.7,Council_11,1,1,2,,262.9,1978,516758
Suburb_1,2,u,SA,Agent_20,Southern Metro,11074,5.8,Council_19,3,2,2,438.6,165.2,1958,604808
Suburb_12,1,h,SP,Agent_10,Northern Victoria,10622,3.4,Council_4,2,1,3,305.6,,,562461
Suburb_5,4,h,S,Agent_11,Northern Metro,13204,8,Council_10,5,1,1,550.3,134,,504524
Suburb_17,4,h,SP,Agent_14,Eastern Metro,14706,29.8,Council_3,3,2,,341.6,,1980,526249
Suburb_35,4,h,PI,Agent_11,Southern Metro,11153,10.4,Council_17,5,1,3,370.1,,1991,692746
Suburb_7,1,h,VB,Agent_19,Western Victoria,4739,10.9,Council_15,1,2,2,680,,,462158
Suburb_1,2,u,SA,Agent_7,Northern Metro,9811,5.5,Council_17,2,1,3,855.4,104.9,,552496
Suburb_5,2,h,SA,Agent_19,Southern Metro,3924,4.4,Council_17,2,1,0,619.5,,,365582
Suburb_21,4,u,PI,Agent_6,Southern Metro,7752,14.2,Council_7,3,3,3,1038.3,173.5,1991,682026
Suburb_11,5,h,PI,Agent_10,Southern Metro,6944,1,Council_2,6,3,2,288.3,90.2,,1021484
Suburb_20,2,h,SA,Agent_15,Northern Victoria,14819,4.7,Council_20,2,3,2,,50.5,1910,441305
Suburb_2,4,h,S,Agent_23,Eastern Metro,8537,19,Council_11,5,1,0,,168.7,,355406
Suburb_14,3,u,PI,Agent_6,Western Victoria,14407,7.2,Council_2,4,2,2,268.4,181.9,,658510
Suburb_17,5,h,PI,Agent_15,Eastern Metro,12217,2.4,Council_20,5,1,3,417.9,,,
Suburb_18,1,h,VB,Agent_2,Northern Victoria,12808,9.9,Council_21,2,1,,,,1993,472610
Suburb_23,5,h,SA,Agent_2,South-Eastern Metro,2954,5.9,Council_10,,2,0,,244.4,1948,856268
Suburb_32,3,u,VB,Agent_20,South-Eastern Metro,11742,2,Council_17,3,2,1,,,,927058
Suburb_19,2,h,VB,Agent_18,Eastern Victoria,4146,8.8,Council_1,3,2,2,369.7,,,759639
Suburb_34,1,h,VB,Agent_10,Southern Metro,8874,8,Council_2,2,1,3,381.6,,,562029
Suburb_22,5,u,PI,Agent_16,Northern Victoria,7549,7.8,Council_6,6,3,1,527,44.5,,640016
Suburb_11,5,u,SP,Agent_10,Eastern Victoria,4266,10.3,Council_14,6,3,3,,,1998,828721
Suburb_10,1,h,SP,Agent_7,Eastern Victoria,14780,3.3,Council_3,1,1,3,703.1,149.6,,459110
Suburb_13,3,h,VB,Agent_11,Northern Victoria,13193,9.4,Council_1,4,1,1,,180.3,2002,540416
Suburb_24,4,h,VB,Agent_8,South-Eastern Metro,8826,8.4,Council_15,3,2,0,682.4,145.4,,635547
Suburb_10,3,h,SP,Agent_21,Eastern Victoria,656,14.1,Council_17,,2,3,533.5,,1954,707458
Suburb_37,1,u,SA,Agent_11,Northern Victoria,3157,4.6,Council_16,1,3,2,,133.8,,389982
Suburb_20,2,h,SA,Agent_9,Western Victoria,3797,15.5,Council_17,2,2,3,493.2,108.4,2019,492312
Suburb_35,2,h,VB,Agent_14,Southern Metro,14592,12.3,Council_17,3,1,3,561.4,,1954,469698
Suburb_28,2,h,SP,Agent_19,Eastern Metro,6354,7,Council_13,1,1,1,,,,287109
Suburb_14,5,h,SA,Agent_7,Northern Metro,1177,7.8,Council_11,6,1,0,445.3,200.6,,
Suburb_10,2,h,SP,Agent_24,Northern Metro,8999,1.1,Council_18,2,,3,,,1920,492387
Suburb_30,4,u,PI,Agent_12,Western Metro,14281,7.6,Council_8,4,1,2,,132.7,,580972
Suburb_14,5,h,SA,Agent_17,Southern Metro,8632,11.8,Council_3,4,3,0,191,,,946128
Suburb_10,4,t,PI,Agent_24,Western Metro,6938,6.4,Council_16,4,3,2,481.5,138.1,2007,678471
Suburb_38,4,u,SP,Agent_11,Western Metro,3049,14,Council_6,5,1,,160.8,217,1949,596283
Suburb_20,1,h,S,Agent_5,Northern Victoria,13242,10,Council_21,0,3,1,,,1946,
Suburb_2,1,h,SP,Agent_19,Western Victoria,2019,22.3,Council_9,1,2,1,396.7,81.8,,194836
Suburb_20,4,h,VB,Agent_1,Eastern Victoria,14036,4.9,Council_18,5,1,1,,168.3,1924,767451
Suburb_19,4,h,VB,Agent_12,Western Metro,3723,11.1,Council_1,4,2,2,,,1907,720577
Suburb_35,4,h,SP,Agent_25,Eastern Metro,2503,2.8,Council_14,4,2,3,,,1908,692645
Suburb_29,3,u,S,Agent_11,Eastern Victoria,5556,6.8,Council_10,3,1,1,,230.6,,756797
Suburb_8,3,h,VB,Agent_18,Northern Metro,571,10.4,Council_10,2,3,2,631.4,,,776649
Suburb_7,1,h,S,Agent_14,Northern Victoria,703,11.5,Council_6,1,1,3,528,112.3,,387712
Suburb_25,2,h,S,Agent_6,Western Metro,3203,6.1,Council_21,3,1,2,,,1939,561797
Suburb_2,3,h,PI,Agent_8,Southern Metro,10540,14.9,Council_9,3,1,1,,20,1972,431378
Suburb_13,1,t,PI,Agent_14,Northern Victoria,12309,16.8,Council_18,1,1,2,,214.6,1973,465643
Suburb_6,1,h,SP,Agent_3,Eastern Metro,4092,4.9,Council_9,0,1,1,,,,292961
Suburb_1,1,u,SP,Agent_11,Southern Metro,9845,6.9,Council_2,2,,1,,208.6,,585859
Suburb_37,2,u,SP,Agent_11,South-Eastern Metro,5595,6.4,Council_19,3,2,2,859.1,92.3,,455465
Suburb_4,5,h,SP,Agent_21,Southern Metro,6777,5.4,Council_4,6,1,1,431.6,145.9,1927,881373
Suburb_1,4,h,S,Agent_4,South-Eastern Metro,5356,16.2,Council_6,4,3,0,,,1910,593231
Suburb_38,5,h,S,Agent_22,Southern Metro,13425,16.1,Council_19,5,3,3,446.7,137.2,2006,591852
Suburb_8,2,u,SP,Agent_11,Western Metro,7921,6.6,Council_19,2,3,2,,,,665766
Suburb_33,3,h,S,Agent_17,Eastern Victoria,7840,11.1,Council_20,2,2,0,132.1,143.5,,619703
Suburb_2,5,u,SP,Agent_14,Southern Metro,12967,13.9,Council_9,,3,1,,276.6,,888668
Suburb_7,2,u,PI,Agent_8,Eastern Victoria,10030,8.9,Council_16,2,2,1,296.6,126.9,1990,567455
Suburb_5,4,u,S,Agent_24,South-Eastern Metro,2666,6.3,Council_7,4,2,3,,,,702606
Suburb_29,4,h,VB,Agent_6,Western Victoria,3237,4.7,Council_16,3,1,3,330.7,,1985,579811
Suburb_25,5,h,VB,Agent_1,Southern Metro,5440,11.7,Council_11,6,3,2,329.9,132.8,1978,680541
Suburb_20,5,u,PI,Agent_19,South-Eastern Metro,1919,3,Council_2,5,1,1,956.9,,1936,599895
Suburb_10,4,h,VB,Agent_16,Western Victoria,10534,6.4,Council_9,5,,0,77.3,242.3,1912,690997
Suburb_4,3,u,SA,Agent_23,Eastern Victoria,7682,5.7,Council_10,2,3,0,645.6,,1901,776072
Suburb_23,5,h,S,Agent_12,Southern Metro,1141,2.9,Council_6,4,1,0,1019.4,,,734093
Suburb_10,4,h,S,Agent_1,Eastern Victoria,6306,7.2,Council_8,3,2,3,705.7,71.4,,660453
Suburb_24,2,u,SP,Agent_1,Northern Metro,12534,6.8,Council_11,3,1,0,,,1977,408960
Suburb_28,4,h,VB,Agent_11,Northern Victoria,13652,4,Council_2,3,2,,115.5,206,1980,704608
Suburb_34,3,h,SA,Agent_7,Western Metro,14446,15.8,Council_4,4,2,3,274.5,198.3,1931,737029
Suburb_20,2,h,SA,Agent_24,Northern Victoria,13877,11.8,Council_17,3,1,,547.4,132,1958,435448
Suburb_1,3,h,PI,Agent_3,Northern Victoria,9310,7.8,Council_8,2,3,2,567.8,117.1,,514922
Suburb_12,4,u,PI,Agent_23,Northern Metro,13944,12.8,Council_13,4,2,3,,193,1916,657247
Suburb_35,5,h,PI,Agent_6,Northern Victoria,14369,14.6,Council_12,4,2,1,,82.2,,
Suburb_22,3,h,S,Agent_3,Western Victoria,9711,16.2,Council_12,3,3,1,,,1943,563396
Suburb_25,1,h,PI,Agent_7,Western Metro,6489,4.8,Council_9,0,1,0,445.8,172.4,1948,490296
Suburb_19,5,t,PI,Agent_4,Eastern Metro,14508,12.8,Council_11,6,2,1,,133.5,1971,
Suburb_7,3,h,SP,Agent_11,Western Victoria,6517,6.8,Council_18,4,3,3,220,,,829136
Suburb_36,2,t,VB,Agent_9,Northern Metro,2912,8.7,Council_21,1,2,2,206.9,156.1,,646606
Suburb_31,4,u,SA,Agent_14,Western Metro,2040,5,Council_6,3,1,0,,179.8,1926,848130
Suburb_40,2,h,SP,Agent_14,Northern Victoria,8728,7.6,Council_15,3,1,2,,70,,
Suburb_35,2,u,SA,Agent_1,Western Metro,1013,12.9,Council_21,2,3,2,,186.9,1993,704762
Suburb_12,5,u,S,Agent_4,Western Victoria,2219,18.6,Council_1,5,3,0,231.1,211.6,1918,934831
Suburb_11,5,h,SA,Agent_5,Western Metro,4045,7.1,Council_17,6,3,3,391.2,,,926242
Suburb_10,3,h,VB,Agent_5,Western Victoria,8182,4.1,Council_11,2,1,0,262.5,186.1,1949,553625
Suburb_37,2,u,SP,Agent_3,Northern Metro,7432,20.2,Council_21,3,3,1,,,1998,331504
Suburb_23,5,u,VB,Agent_8,South-Eastern Metro,7912,4.7,Council_13,5,2,1,1305.3,203.5,,864503
Suburb_19,1,u,SP,Agent_14,Northern Victoria,7861,2.2,Council_18,1,3,2,665.3,153.9,1956,662638
Suburb_39,4,t,VB,Agent_8,Southern Metro,14915,5.3,Council_4,4,3,3,,81.1,,785885
Suburb_25,3,h,S,Agent_9,Southern Metro,3654,1.2,Council_3,4,1,0,300.5,199.2,1956,678801
Suburb_37,5,u,SP,Agent_12,South-Eastern Metro,7373,14.2,Council_20,5,3,1,97,,2006,821356
Suburb_40,3,u,SP,Agent_14,South-Eastern Metro,9385,1.8,Council_12,2,2,1,720.1,,1992,735736
Suburb_4,5,h,S,Agent_9,Northern Victoria,4472,4.5,Council_12,4,3,,703.8,,,881568
Suburb_15,1,h,SP,Agent_6,Northern Metro,3127,3.4,Council_4,2,3,3,360.2,123.1,1945,541307
Suburb_30,4,h,VB,Agent_11,Northern Victoria,1176,8.2,Council_5,4,1,1,,160.3,,531825
Suburb_33,1,u,VB,Agent_1,Western Victoria,5230,18.6,Council_18,0,3,2,506.3,107.4,1928,364305
Suburb_6,4,h,PI,Agent_13,Northern Metro,4185,10.1,Council_7,3,1,3,732.4,,1902,609839
Suburb_13,1,u,S,Agent_24,Western Metro,3337,3,Council_13,0,1,3,,,,388689
Suburb_22,5,h,SP,Agent_10,Western Metro,4433,24.2,Council_7,6,1,2,,113,1900,489680
Suburb_32,4,h,SA,Agent_3,Western Victoria,10601,9.4,Council_6,5,1,2,,230.3,,666091
Suburb_5,1,h,SP,Agent_18,Eastern Metro,12499,13.3,Council_4,1,3,3,456.3,162.3,1949,98058
Suburb_25,5,h,S,Agent_4,Western Metro,7990,2.5,Council_20,4,1,0,,187.8,,809263
Suburb_12,2,u,PI,Agent_5,South-Eastern Metro,1464,21.9,Council_20,2,2,1,347.6,235,1991,511045
Suburb_9,3,h,S,Agent_4,Northern Metro,11173,6,Council_3,2,2,2,,,,669288
Suburb_21,1,t,SP,Agent_23,Eastern Victoria,2703,2.4,Council_8,1,3,0,175.2,,,547204
Suburb_17,1,h,SA,Agent_25,Eastern Victoria,1330,8.8,Council_12,1,2,2,734,131.8,,491565
Suburb_26,2,t,SP,Agent_15,South-Eastern Metro,8742,13.3,Council_9,3,2,3,,64.2,1977,490697
Suburb_13,3,h,VB,Agent_16,South-Eastern Metro,6667,11,Council_16,2,3,0,139.4,162.4,,566109
Suburb_33,3,h,PI,Agent_17,South-Eastern Metro,5021,10.9,Council_6,2,2,3,,,1953,622638
Suburb_4,5,h,SP,Agent_16,Eastern Victoria,14520,10.5,Council_2,4,3,1,779.4,,1935,845400
Suburb_35,1,h,VB,Agent_14,Western Victoria,1822,8.3,Council_8,1,3,3,122.3,,1922,310494
Suburb_2,4,h,PI,Agent_25,Western Metro,1277,2.5,Council_13,4,3,2,,202.2,1923,716001
Suburb_30,1,u,SP,Agent_19,Western Metro,9018,6.7,Council_4,0,1,0,,205.9,1978,480686
Suburb_14,2,h,SP,Agent_3,South-Eastern Metro,6566,6.2,Council_18,3,1,2,,,,571665